年,区名,当落,得票数,氏名,よみ,年齢,性別,党派,新旧,主な肩書き,得票率%,略称党名,党順序,自治体コード
2011,目黒,当,3986,須藤　甚一郎,すどう　じんいちろう,72,男,無所属,現,ジャーナリスト,4.8,無所属,11,131105
2011,目黒,当,1845,梅原　辰郎,うめはら　たつろう,63,男,無所属,現,区議会議員,2.222,無所属,11,131105
2011,目黒,当,1516,坂本　史子,さかもと　ふみこ,55,女,無所属,現,区議会議員,1.826,無所属,11,131105
2011,目黒,落,855.093,伊東　たつみ,いとう　たつみ,34,女,無所属,新,事務員,1.03,無所属,11,131105
2011,目黒,落,733,高林　邦年,たかばやし　くにとし,34,男,無所属,新,無職,0.883,無所属,11,131105
2011,目黒,落,653,畑野　勝範,はたの　かつのり,65,男,無所属,新,印刷業,0.786,無所属,11,131105
2011,目黒,落,557,竹村　雄尉,たけむら　ゆうい,27,男,無所属,新,看護ヘルパー,0.671,無所属,11,131105
2011,目黒,落,380,平田　文昭,ひらた　ふみあき,51,男,無所属,新,著述家,0.458,無所属,11,131105
2011,目黒,落,372.256,佐藤　可門,さとう　かもん,34,男,無所属,新,マンション管理士,0.448,無所属,11,131105
2011,目黒,落,353,中井　正則,なかい　まさのり,50,男,無所属,新,学習塾講師,0.425,無所属,11,131105
2011,目黒,落,181,古荘　耕二,ふるしょう　こうじ,39,男,無所属,新,会社代表取締役,0.218,無所属,11,131105
2015,目黒,当,4303,須藤　甚一郎,すどう　じんいちろう,76,男,無所属,現,区議会議員,4.989,無所属,11,131105
2015,目黒,当,2572,竹村　雄尉,たけむら　ゆうい,31,男,無所属,新,秘書,2.982,無所属,11,131105
2015,目黒,当,2395,鴨志田　リエ,かもしだ　りえ,56,女,無所属,元,会社役員,2.777,無所属,11,131105
2015,目黒,当,1979,田添　麻友,たぞえ　まゆ,32,女,無所属,新,経営コンサルタント,2.294,無所属,11,131105
2015,目黒,当,1717,坂本　史子,さかもと　ふみこ,59,女,無所属,現,区議会議員,1.991,無所属,11,131105
2015,目黒,当,1408,小沢　藍,おざわ　あい,33,女,無所属,新,無職,1.632,無所属,11,131105
2015,目黒,落,1394,秋元　馨,あきもと　かおる,40,男,無所属,現,区議会議員,1.616,無所属,11,131105
2015,目黒,落,1005,高林　邦年,たかばやし　くにとし,38,男,無所属,新,スポーツ指導員,1.165,無所属,11,131105
2015,目黒,落,724,梅原　辰郎,うめはら　たつろう,67,男,無所属,現,区議会議員,0.839,無所属,11,131105
2015,目黒,落,601,金井　洋,かない　ひろし,42,男,無所属,新,介護福祉士,0.697,無所属,11,131105
2015,目黒,落,188,田中　弘武,たなか　ひろむ,27,男,無所属,新,会社員,0.218,無所属,11,131105
2019,目黒,当,3015,須藤　甚一郎,,80,男,無所属,現,,3.277,無所属,11,131105
2019,目黒,当,2757,青木　英太,,28,男,無所属,新,,2.997,無所属,11,131105
2019,目黒,当,2120,鴨志田　リエ,,60,女,無所属,現,,2.305,無所属,11,131105
2019,目黒,当,2035,改田　和弘,,25,男,無所属,新,,2.212,無所属,11,131105
2019,目黒,当,1925,吉野　正人,,52,男,無所属,現,,2.093,無所属,11,131105
2019,目黒,当,1657,岸　大介,,45,男,無所属,新,,1.801,無所属,11,131105
2019,目黒,当,1520,白川　愛,,44,女,無所属,新,,1.652,無所属,11,131105
2019,目黒,落,984,小沢　藍,,37,女,無所属,現,,1.07,無所属,11,131105
2019,目黒,落,546,梅原　辰郎,,71,男,無所属,元,,0.594,無所属,11,131105
2019,目黒,落,454,木村　寛紀,,41,男,無所属,新,,0.494,無所属,11,131105
2019,目黒,落,238,渡辺　雅仁,,60,男,無所属,新,,0.259,無所属,11,131105
2011,目黒,当,2944,伊賀　保夫,いが　やすお,33,男,みんな,新,会社役員,3.545,諸派,99,131105
2011,目黒,当,2180,松田　哲也,まつだ　てつや,46,男,みんな,現,区議会議員,2.625,諸派,99,131105
2011,目黒,当,2155,秋元　馨,あきもと　かおる,36,男,みんな,新,会社経営,2.595,諸派,99,131105
2011,目黒,落,839,平田　喜章,ひらた　きしょう,40,男,みんな,新,政党支部長,1.01,諸派,99,131105
2011,目黒,当,2230,広吉　敦子,ひろよし　あつこ,46,女,目黒・生活者ネットワーク,新,ヨガインストラクター,2.685,諸派,99,131105
2015,目黒,当,2125,広吉　敦子,ひろよし　あつこ,50,女,目黒・生活者ネットワーク,現,区議会議員,2.464,諸派,99,131105
2019,目黒,落,1377,渡辺　夏子,,37,女,目黒・生活者ネットワーク,新,,1.497,諸派,99,131105
2011,目黒,当,2214.528,佐藤　昇,さとう　のぼる,46,男,自民,現,酒販店経営,2.667,自民,1,131105
2011,目黒,当,2205,小野瀬　康裕,おのせ　やすひろ,39,男,自民,現,区議会議員,2.655,自民,1,131105
2011,目黒,当,2121,栗山　芳士,くりやま　よしじ,41,男,自民,現,区議会議員,2.554,自民,1,131105
2011,目黒,当,1978,清水　昌樹,しみず　まさき,50,男,自民,新,会社員,2.382,自民,1,131105
2011,目黒,当,1779,橋本　欣一,はしもと　きんいち,45,男,自民,現,区議会議員,2.142,自民,1,131105
2011,目黒,当,1667,磯野　弘三,いその　こうぞう,44,男,自民,現,区議会議員,2.007,自民,1,131105
2011,目黒,当,1642,今井　礼子,いまい　れいこ,63,女,自民,現,区議会議員,1.977,自民,1,131105
2011,目黒,当,1617,宗田　次郎,そうだ　じろう,50,男,自民,現,区議会議員,1.947,自民,1,131105
2011,目黒,当,1616,田島　憲二,たじま　けんじ,56,男,自民,現,区議会議員,1.946,自民,1,131105
2011,目黒,当,1608,二ノ宮　啓吉,にのみや　けいきち,73,男,自民,現,区議会議員,1.936,自民,1,131105
2011,目黒,当,1557,飯田　倫子,いいだ　みちこ,64,女,自民,現,区議会議員,1.875,自民,1,131105
2011,目黒,当,1489.906,伊藤　喜昭,いとう　よしあき,67,男,自民,現,区議会議員,1.794,自民,1,131105
2011,目黒,当,1473,赤城　裕,あかぎ　ゆたか,47,男,自民,現,区議会議員,1.774,自民,1,131105
2011,目黒,当,1350,宮沢　宏行,みやざわ　ひろゆき,46,男,自民,新,建設会社役員,1.626,自民,1,131105
2011,目黒,落,1239,市沢　芳範,いちざわ　よしのり,60,男,自民,現,区議会議員,1.492,自民,1,131105
2015,目黒,当,2206,橋本　欣一,はしもと　きんいち,49,男,自民,現,区議会議員,2.558,自民,1,131105
2015,目黒,当,2121,小野瀬　康裕,おのせ　やすひろ,43,男,自民,現,区議会議員,2.459,自民,1,131105
2015,目黒,当,2082,宗田　次郎,そうだ　じろう,54,男,自民,現,区議会議員,2.414,自民,1,131105
2015,目黒,当,1923,西村　千帆,にしむら　ちほ,41,女,自民,新,会社員,2.229,自民,1,131105
2015,目黒,当,1858.75,佐藤　昇,さとう　のぼる,50,男,自民,現,区議会議員,2.155,自民,1,131105
2015,目黒,当,1852,宮沢　宏行,みやざわ　ひろゆき,50,男,自民,現,区議会議員,2.147,自民,1,131105
2015,目黒,当,1793,田島　憲二,たじま　けんじ,60,男,自民,現,区議会議員,2.079,自民,1,131105
2015,目黒,当,1588,小林　佳奈子,こばやし　かなこ,38,女,自民,新,国会議員秘書,1.841,自民,1,131105
2015,目黒,当,1588,磯野　弘三,いその　こうぞう,48,男,自民,現,区議会議員,1.841,自民,1,131105
2015,目黒,当,1586,今井　礼子,いまい　れいこ,67,女,自民,現,区議会議員,1.839,自民,1,131105
2015,目黒,当,1580,鈴木　理志,すずき　まさし,51,男,自民,新,会社役員,1.832,自民,1,131105
2015,目黒,当,1509,飯田　倫子,いいだ　みちこ,68,女,自民,現,区議会議員,1.749,自民,1,131105
2015,目黒,当,1434.569,河野　陽子,こうの　ようこ,52,女,自民,新,無職,1.663,自民,1,131105
2015,目黒,落,1326.535,佐藤　光伸,さとう　みつのぶ,33,男,自民,新,弁護士,1.538,自民,1,131105
2015,目黒,落,1197,伊藤　喜昭,いとう　よしあき,71,男,自民,現,区議会議員,1.388,自民,1,131105
2015,目黒,落,1152.394,赤城　裕,あかぎ　ゆたか,51,男,自民,現,区議会議員,1.336,自民,1,131105
2015,目黒,落,1100,清水　昌樹,しみず　まさき,54,男,自民,現,区議会議員,1.275,自民,1,131105
2019,目黒,当,2398,河野　陽子,,56,女,自民,現,,2.607,自民,1,131105
2019,目黒,当,2294.69,佐藤　昇,,54,男,自民,現,,2.494,自民,1,131105
2019,目黒,当,2165,宗田　次郎,,58,男,自民,現,,2.353,自民,1,131105
2019,目黒,当,2122,西村　千帆,,45,女,自民,現,,2.307,自民,1,131105
2019,目黒,当,2060,小野瀬　康裕,,47,男,自民,現,,2.239,自民,1,131105
2019,目黒,当,2051,宮沢　宏行,,54,男,自民,現,,2.229,自民,1,131105
2019,目黒,当,1878,小林　佳奈子,,42,女,自民,現,,2.041,自民,1,131105
2019,目黒,当,1723,磯野　弘三,,52,男,自民,現,,1.873,自民,1,131105
2019,目黒,当,1597.154,田島　憲二,,64,男,自民,現,,1.736,自民,1,131105
2019,目黒,当,1588,鈴木　理志,,55,男,自民,現,,1.726,自民,1,131105
2019,目黒,落,1499.779,橋本　欣一,,53,男,自民,現,,1.63,自民,1,131105
2019,目黒,落,1487,竹村　雄尉,,35,男,自民,現,,1.616,自民,1,131105
2019,目黒,落,1457,今井　礼子,,71,女,自民,現,,1.584,自民,1,131105
2019,目黒,落,1403,飯田　倫子,,72,女,自民,現,,1.525,自民,1,131105
2019,目黒,落,1232,清水　昌樹,,58,男,自民,元,,1.339,自民,1,131105
2011,目黒,当,2084,森　美彦,もり　よしひこ,59,男,共産,現,区議会議員,2.51,共産,5,131105
2011,目黒,当,1945,石川　恭子,いしかわ　きょうこ,56,女,共産,現,区議会議員,2.342,共産,5,131105
2011,目黒,当,1705,星見　定子,ほしみ　ていこ,53,女,共産,現,区議会議員,2.053,共産,5,131105
2011,目黒,当,1408,岩崎　史博,いわさき　ふみひろ,46,男,共産,現,区議会議員,1.696,共産,5,131105
2011,目黒,落,1261,松嶋　祐一郎,まつしま　ゆういちろう,29,男,共産,新,政党職員,1.519,共産,5,131105
2015,目黒,当,2696,星見　定子,ほしみ　ていこ,57,女,共産,現,区議会議員,3.126,共産,5,131105
2015,目黒,当,2542,松嶋　祐一郎,まつしま　ゆういちろう,33,男,共産,新,政党職員,2.947,共産,5,131105
2015,目黒,当,2516,石川　恭子,いしかわ　きょうこ,60,女,共産,現,区議会議員,2.917,共産,5,131105
2015,目黒,当,2192,森　美彦,もり　よしひこ,63,男,共産,現,区議会議員,2.541,共産,5,131105
2015,目黒,当,1739,岩崎　史博,いわさき　ふみひろ,50,男,共産,現,区議会議員,2.016,共産,5,131105
2019,目黒,当,2472,石川　恭子,,64,女,共産,現,,2.687,共産,5,131105
2019,目黒,当,1814,松嶋　祐一郎,,37,男,共産,現,,1.972,共産,5,131105
2019,目黒,当,1807,芋川　祐樹,,36,男,共産,新,,1.964,共産,5,131105
2019,目黒,当,1695,岩崎　史博,,54,男,共産,現,,1.843,共産,5,131105
2019,目黒,当,1535,斉藤　優子,,50,女,共産,新,,1.669,共産,5,131105
2011,目黒,当,2061,鴨志田　リエ,かもしだ　りえ,52,女,民主,現,会社役員,2.482,民主,80,131105
2011,目黒,当,1934,青木　早苗,あおき　さなえ,63,女,民主,現,区議会議員,2.329,民主,80,131105
2011,目黒,当,1596,吉野　正人,よしの　まさと,44,男,民主,新,会社員,1.922,民主,80,131105
2011,目黒,当,1385,香野　茜,こうの　あかね,32,女,民主,現,区議会議員,1.668,民主,80,131105
2011,目黒,当,1384.184,木村　洋子,きむら　ようこ,61,女,民主,現,区議会議員,1.667,民主,80,131105
2011,目黒,落,1310,西崎　翔,にしざき　つばさ,27,男,民主,新,無職,1.578,民主,80,131105
2011,目黒,落,1003,富士見　大郎,ふじみ　だいろう,42,男,民主,現,区議会議員,1.208,民主,80,131105
2011,目黒,落,893,村田　信之,むらた　のぶゆき,44,男,民主,新,ジャーナリスト,1.075,民主,80,131105
2011,目黒,落,807,土屋　克彦,つちや　かつひこ,41,男,民主,現,区議会議員,0.972,民主,80,131105
2011,目黒,落,690,栗林　裕信,くりばやし　ひろのぶ,52,男,民主,新,会社経営,0.831,民主,80,131105
2011,目黒,落,516.815,木村　勝隆,きむら　かつたか,58,男,民主,新,会社員,0.622,民主,80,131105
2011,目黒,落,514,荒木　しげる,あらき　しげる,62,男,民主,新,俳優,0.619,民主,80,131105
2015,目黒,当,2792,西崎　翔,にしざき　つばさ,31,男,民主,新,無職,3.237,民主,80,131105
2015,目黒,当,1874,吉野　正人,よしの　まさと,48,男,民主,現,区議会議員,2.173,民主,80,131105
2015,目黒,当,1871,青木　早苗,あおき　さなえ,67,女,民主,現,区議会議員,2.169,民主,80,131105
2015,目黒,落,1356,香野　茜,こうの　あかね,36,女,民主,現,区議会議員,1.572,民主,80,131105
2015,目黒,落,1085.43,木村　洋子,きむら　ようこ,65,女,民主,現,区議会議員,1.258,民主,80,131105
2011,目黒,当,1888,関　賢一,せき　けんいち,46,男,公明,現,区議会議員,2.274,公明,4,131105
2011,目黒,当,1857,川原　伸昭,かわはら　のぶあき,39,男,公明,新,会社員,2.236,公明,4,131105
2011,目黒,当,1766,飯島　和代,いいじま　かずよ,55,女,公明,新,政党役員,2.127,公明,4,131105
2011,目黒,当,1761,山宮　清孝,やまみや　きよたか,40,男,公明,新,政党役員,2.121,公明,4,131105
2011,目黒,当,1760.214,佐藤　豊,さとう　ゆたか,48,男,公明,新,政党役員,2.12,公明,4,131105
2011,目黒,当,1637,武藤　正浩,むとう　まさひろ,50,男,公明,現,区議会議員,1.971,公明,4,131105
2015,目黒,当,1936,川原　伸昭,かわはら　のぶあき,43,男,公明,現,区議会議員,2.245,公明,4,131105
2015,目黒,当,1771.319,佐藤　豊,さとうゆたか,52,男,公明,現,区議会議員,2.054,公明,4,131105
2015,目黒,当,1690,飯島　和代,いいじま　かずよ,59,女,公明,現,区議会議員,1.959,公明,4,131105
2015,目黒,当,1665,関　賢一,せき　けんいち,50,男,公明,現,区議会議員,1.93,公明,4,131105
2015,目黒,当,1623,山宮　清孝,やまみや　きよたか,44,男,公明,現,区議会議員,1.882,公明,4,131105
2015,目黒,当,1478,武藤　正浩,むとう　まさひろ,54,男,公明,現,区議会議員,1.714,公明,4,131105
2019,目黒,当,2134,川原　伸昭,,47,男,公明,現,,2.32,公明,4,131105
2019,目黒,当,1973,飯島　和代,,63,女,公明,現,,2.145,公明,4,131105
2019,目黒,当,1806,武藤　正浩,,58,男,公明,現,,1.963,公明,4,131105
2019,目黒,当,1788,関　賢一,,54,男,公明,現,,1.944,公明,4,131105
2019,目黒,当,1777.309,佐藤　豊,,56,男,公明,現,,1.932,公明,4,131105
2019,目黒,当,1748,山宮　清孝,,48,男,公明,現,,1.9,公明,4,131105
2011,目黒,落,1050,戸沢　二郎,とざわ　じろう,64,男,社民,現,区議会議員,1.264,社民,8,131105
2015,目黒,落,950,戸沢　二郎,とざわ　じろう,68,男,社民,元,団体職員,1.101,社民,8,131105
2019,目黒,落,572,戸沢　二郎,,72,男,社民,元,,0.622,社民,8,131105
2015,目黒,当,2335,山本　紘子,やまもと　ひろこ,38,女,維新,新,会社員,2.707,維新,3,131105
2015,目黒,当,1582,松田　哲也,まつだ　てつや,50,男,維新,現,区議会議員,1.834,維新,3,131105
2019,目黒,当,2048,松田　哲也,,54,男,維新,現,,2.226,維新,3,131105
2015,目黒,落,582,中川　治,なかがわ　おさむ,53,男,次世代,新,会社員,0.675,諸派,99,131105
2019,目黒,落,172,小浦　東世,,59,男,幸福実現党,新,,0.187,諸派,99,131105
2019,目黒,当,5202,山本　紘子,,42,女,立憲,現,,5.655,立憲,2,131105
2019,目黒,当,2227,梅田　雅美,,54,女,立憲,新,,2.421,立憲,2,131105
2019,目黒,当,2151,西崎　翔,,35,男,立憲,現,,2.338,立憲,2,131105
2019,目黒,当,1978,金井　洋,,46,男,立憲,新,,2.15,立憲,2,131105
2019,目黒,当,1737.22,橋本　祥平,,29,男,立憲,新,,1.888,立憲,2,131105
2019,目黒,当,2753,田添　麻友,,36,女,都民ファーストの会,現,,2.993,諸派,99,131105
2019,目黒,落,1170.959,田嶋　慎治,,49,男,都民ファーストの会,新,,1.273,諸派,99,131105
2019,目黒,落,971,柿原　健作,,48,男,都民ファーストの会,新,,1.056,諸派,99,131105
2019,目黒,当,1978.885,川端　慎二,,42,男,NHKから国民を守る党,新,,2.151,NHK,9,131105
2015,品川,当,5232,高橋　慎司,,51,男,無所属,現,,4.314,無所属,11,131091
2015,品川,当,3164,須貝　行宏,,59,男,無所属,現,,2.609,無所属,11,131091
2015,品川,当,2632.405,鈴木　博,,58,男,無所属,新,,2.17,無所属,11,131091
2015,品川,当,2393,西本　貴子,,50,女,無所属,現,,1.973,無所属,11,131091
2015,品川,当,2198,木村　健悟,,57,男,無所属,新,,1.812,無所属,11,131091
2015,品川,当,2148,藤原　正則,,48,男,無所属,現,,1.771,無所属,11,131091
2015,品川,当,1803,渡部　茂,,44,男,無所属,現,,1.487,無所属,11,131091
2011,品川,当,5232,高橋　慎司,,51,男,無所属,現,,4.347,無所属,11,131091
2011,品川,当,3164,須貝　行宏,,59,男,無所属,現,,2.629,無所属,11,131091
2011,品川,当,2632.405,鈴木　博,,58,男,無所属,新,,2.187,無所属,11,131091
2011,品川,当,2393,西本　貴子,,50,女,無所属,現,,1.988,無所属,11,131091
2011,品川,当,2198,木村　健悟,,57,男,無所属,新,,1.826,無所属,11,131091
2011,品川,当,2148,藤原　正則,,48,男,無所属,現,,1.785,無所属,11,131091
2011,品川,当,1803,渡部　茂,,44,男,無所属,現,,1.498,無所属,11,131091
2011,品川,落,414,長岡　義男,,65,男,無所属,新,,0.344,無所属,11,131091
2011,品川,落,408,粕谷　俊二,,49,男,無所属,新,,0.339,無所属,11,131091
2011,品川,落,178,杉森　正春,,60,男,無所属,新,,0.148,無所属,11,131091
2015,品川,落,414,長岡　義男,,65,男,無所属,新,,0.341,無所属,11,131091
2015,品川,落,408,粕谷　俊二,,49,男,無所属,新,,0.336,無所属,11,131091
2015,品川,落,178,杉森　正春,,60,男,無所属,新,,0.147,無所属,11,131091
2019,品川,当,6205.403,高橋　慎司,,59,男,無所属,現,,4.846,無所属,11,131091
2019,品川,当,3290,妹尾　麻里,,41,女,無所属,新,,2.569,無所属,11,131091
2019,品川,当,2711,西本　貴子,,58,女,無所属,元,,2.117,無所属,11,131091
2019,品川,当,2669,木村　健悟,,65,男,無所属,現,,2.084,無所属,11,131091
2019,品川,当,2522,須貝　行宏,,67,男,無所属,現,,1.97,無所属,11,131091
2019,品川,当,2427.766,鈴木　博,,66,男,無所属,現,,1.896,無所属,11,131091
2019,品川,当,1933,松沢　和昌,,43,男,無所属,新,,1.51,無所属,11,131091
2019,品川,当,1898,藤原　正則,,56,男,無所属,現,,1.482,無所属,11,131091
2019,品川,落,1860,高野　洋介,,27,男,無所属,新,,1.453,無所属,11,131091
2019,品川,落,1814.995,西村　柳一郎,,41,男,無所属,新,,1.417,無所属,11,131091
2015,品川,当,2134,大西　光広,,53,男,みんな,現,,1.76,諸派,99,131091
2015,品川,当,1681.09,吉田　あつみ,,53,女,みんな,新,,1.386,諸派,99,131091
2015,品川,落,1552.137,小林　誠,,36,男,みんな,新,,1.28,諸派,99,131091
2015,品川,落,1457.547,吉田　楽,,38,男,みんな,新,,1.202,諸派,99,131091
2015,品川,落,1444.985,伊藤　優太,,26,男,みんな,新,,1.191,諸派,99,131091
2011,品川,当,2134,大西　光広,,53,男,みんな,現,,1.773,諸派,99,131091
2011,品川,当,1681.09,吉田　あつみ,,53,女,みんな,新,,1.397,諸派,99,131091
2011,品川,落,1552.137,小林　誠,,36,男,みんな,新,,1.29,諸派,99,131091
2011,品川,落,1457.547,吉田　楽,,38,男,みんな,新,,1.211,諸派,99,131091
2011,品川,落,1444.985,伊藤　優太,,26,男,みんな,新,,1.201,諸派,99,131091
2015,品川,当,3458.61,石田　秀男,,51,男,自民,元,,2.852,自民,1,131091
2015,品川,当,3070.972,鈴木　真澄,,58,男,自民,現,,2.532,自民,1,131091
2015,品川,当,3019,松沢　利行,,65,男,自民,現,,2.489,自民,1,131091
2015,品川,当,2964,沢田　洋和,,30,男,自民,現,,2.444,自民,1,131091
2015,品川,当,2922.014,伊藤　昌宏,,49,男,自民,現,,2.409,自民,1,131091
2015,品川,当,2422,本多　健信,,44,男,自民,現,,1.997,自民,1,131091
2015,品川,当,2380,大沢　真一,,52,男,自民,現,,1.962,自民,1,131091
2015,品川,当,2329,渡辺　裕一,,38,男,自民,現,,1.92,自民,1,131091
2015,品川,当,2248,山内　晃,,42,男,自民,現,,1.854,自民,1,131091
2015,品川,当,2033,須藤　安通,,68,男,自民,現,,1.676,自民,1,131091
2015,品川,当,1774,原　浩三,,54,男,自民,現,,1.463,自民,1,131091
2015,品川,落,1618,林　宏,,66,男,自民,現,,1.334,自民,1,131091
2015,品川,落,1588.36,吉田　征四郎,,55,男,自民,新,,1.31,自民,1,131091
2011,品川,当,3458.61,石田　秀男,,51,男,自民,元,,2.874,自民,1,131091
2011,品川,当,3070.972,鈴木　真澄,,58,男,自民,現,,2.552,自民,1,131091
2011,品川,当,3019,松沢　利行,,65,男,自民,現,,2.508,自民,1,131091
2011,品川,当,2964,沢田　洋和,,30,男,自民,現,,2.463,自民,1,131091
2011,品川,当,2922.014,伊藤　昌宏,,49,男,自民,現,,2.428,自民,1,131091
2011,品川,当,2422,本多　健信,,44,男,自民,現,,2.012,自民,1,131091
2011,品川,当,2380,大沢　真一,,52,男,自民,現,,1.977,自民,1,131091
2011,品川,当,2329,渡辺　裕一,,38,男,自民,現,,1.935,自民,1,131091
2011,品川,当,2248,山内　晃,,42,男,自民,現,,1.868,自民,1,131091
2011,品川,当,2033,須藤　安通,,68,男,自民,現,,1.689,自民,1,131091
2011,品川,当,1774,原　浩三,,54,男,自民,現,,1.474,自民,1,131091
2011,品川,落,1618,林　宏,,66,男,自民,現,,1.344,自民,1,131091
2011,品川,落,1588.36,吉田　征四郎,,55,男,自民,新,,1.32,自民,1,131091
2019,品川,当,3641.546,西村　直子,,38,女,自民,新,,2.844,自民,1,131091
2019,品川,当,2960.482,石田　秀男,,59,男,自民,現,,2.312,自民,1,131091
2019,品川,当,2911.596,高橋　伸明,,54,男,自民,現,,2.274,自民,1,131091
2019,品川,当,2910.63,鈴木　真澄,,66,男,自民,現,,2.273,自民,1,131091
2019,品川,当,2896,芹沢　裕次郎,,29,男,自民,現,,2.262,自民,1,131091
2019,品川,当,2291,渡辺　裕一,,45,男,自民,現,,1.789,自民,1,131091
2019,品川,当,2203,本多　健信,,52,男,自民,現,,1.72,自民,1,131091
2019,品川,当,2200,湯沢　一貴,,42,男,自民,新,,1.718,自民,1,131091
2019,品川,当,2188,横山　由香理,,38,女,自民,現,,1.709,自民,1,131091
2019,品川,当,2109,渡部　茂,,52,男,自民,現,,1.647,自民,1,131091
2019,品川,当,1932,大沢　真一,,60,男,自民,現,,1.509,自民,1,131091
2019,品川,当,1900,小芝　新,,37,男,自民,新,,1.484,自民,1,131091
2019,品川,落,1843.501,伊藤　昌宏,,57,男,自民,現,,1.44,自民,1,131091
2015,品川,当,3572.621,鈴木　ひろ子,,57,女,共産,元,,2.946,共産,5,131091
2015,品川,当,2850,中塚　亮,,35,男,共産,現,,2.35,共産,5,131091
2015,品川,当,2737.607,石田　知広,,35,女,共産,新,,2.257,共産,5,131091
2015,品川,当,2239,宮崎　克俊,,55,男,共産,現,,1.846,共産,5,131091
2015,品川,当,2188,南　恵子,,62,女,共産,現,,1.804,共産,5,131091
2015,品川,当,2046,飯沼　雅子,,61,女,共産,現,,1.687,共産,5,131091
2015,品川,落,1669,安藤　泰作,,37,男,共産,現,,1.376,共産,5,131091
2011,品川,当,3572.621,鈴木　ひろ子,,57,女,共産,元,,2.968,共産,5,131091
2011,品川,当,2850,中塚　亮,,35,男,共産,現,,2.368,共産,5,131091
2011,品川,当,2737.607,石田　知広,,35,女,共産,新,,2.275,共産,5,131091
2011,品川,当,2239,宮崎　克俊,,55,男,共産,現,,1.86,共産,5,131091
2011,品川,当,2188,南　恵子,,62,女,共産,現,,1.818,共産,5,131091
2011,品川,当,2046,飯沼　雅子,,61,女,共産,現,,1.7,共産,5,131091
2011,品川,落,1669,安藤　泰作,,37,男,共産,現,,1.387,共産,5,131091
2019,品川,当,3526.058,鈴木　ひろ子,,65,女,共産,現,,2.754,共産,5,131091
2019,品川,当,3353,中塚　亮,,43,男,共産,現,,2.619,共産,5,131091
2019,品川,当,2588,奥野　晋治,,62,男,共産,現,,2.021,共産,5,131091
2019,品川,当,2449.168,石田　知広,,43,女,共産,現,,1.913,共産,5,131091
2019,品川,当,2215,安藤　泰作,,45,男,共産,現,,1.73,共産,5,131091
2019,品川,当,2149,野館　稔史,,33,男,共産,現,,1.678,共産,5,131091
2019,品川,落,1707,宗　和弥,,53,女,共産,新,,1.333,共産,5,131091
2019,品川,落,1241,鍬塚　透,,57,男,共産,新,,0.969,共産,5,131091
2015,品川,当,2759,大倉　考裕,,27,男,民主,新,,2.275,民主,80,131091
2015,品川,当,2673,阿部　祐美子,,46,女,民主,現,,2.204,民主,80,131091
2015,品川,当,2080.782,石田　慎吾,,31,男,民主,現,,1.716,民主,80,131091
2015,品川,当,1954,向　めぐ美,,30,女,民主,新,,1.611,民主,80,131091
2015,品川,当,1713,稲川　貴之,,38,男,民主,現,,1.412,民主,80,131091
2015,品川,落,1668,本間　隆,,63,男,民主,現,,1.375,民主,80,131091
2015,品川,落,1128,奥山　晃,,59,男,民主,新,,0.93,民主,80,131091
2011,品川,当,2759,大倉　考裕,,27,男,民主,新,,2.292,民主,80,131091
2011,品川,当,2673,阿部　祐美子,,46,女,民主,現,,2.221,民主,80,131091
2011,品川,当,2080.782,石田　慎吾,,31,男,民主,現,,1.729,民主,80,131091
2011,品川,当,1954,向　めぐ美,,30,女,民主,新,,1.624,民主,80,131091
2011,品川,当,1713,稲川　貴之,,38,男,民主,現,,1.423,民主,80,131091
2011,品川,落,1668,本間　隆,,63,男,民主,現,,1.386,民主,80,131091
2011,品川,落,1128,奥山　晃,,59,男,民主,新,,0.937,民主,80,131091
2011,品川,落,1084,矢羽　亮一,,59,男,民主,新,,0.901,民主,80,131091
2015,品川,落,1084,矢羽　亮一,,59,男,民主,新,,0.894,民主,80,131091
2015,品川,当,2742,山元　敬子,,57,女,公明,現,,2.261,公明,4,131091
2015,品川,当,2657,若林　広毅,,50,男,公明,現,,2.191,公明,4,131091
2015,品川,当,2654,阿久津　広王,,37,男,公明,新,,2.188,公明,4,131091
2015,品川,当,2565,金野　孝子,,47,女,公明,現,,2.115,公明,4,131091
2015,品川,当,2465,塚本　芳弘,,47,男,公明,新,,2.032,公明,4,131091
2015,品川,当,2444,鶴　伸一郎,,35,男,公明,新,,2.015,公明,4,131091
2015,品川,当,2257,武内　忍,,47,男,公明,現,,1.861,公明,4,131091
2015,品川,当,2247,浅野　浩之,,54,男,公明,現,,1.853,公明,4,131091
2011,品川,当,2742,山元　敬子,,57,女,公明,現,,2.278,公明,4,131091
2011,品川,当,2657,若林　広毅,,50,男,公明,現,,2.208,公明,4,131091
2011,品川,当,2654,阿久津　広王,,37,男,公明,新,,2.205,公明,4,131091
2011,品川,当,2565,金野　孝子,,47,女,公明,現,,2.131,公明,4,131091
2011,品川,当,2465,塚本　芳弘,,47,男,公明,新,,2.048,公明,4,131091
2011,品川,当,2444,鶴　伸一郎,,35,男,公明,新,,2.031,公明,4,131091
2011,品川,当,2257,武内　忍,,47,男,公明,現,,1.875,公明,4,131091
2011,品川,当,2247,浅野　浩之,,54,男,公明,現,,1.867,公明,4,131091
2019,品川,当,3053,阿久津　広王,,45,男,公明,現,,2.384,公明,4,131091
2019,品川,当,2980,金野　孝子,,55,女,公明,現,,2.327,公明,4,131091
2019,品川,当,2817,鶴　伸一郎,,43,男,公明,現,,2.2,公明,4,131091
2019,品川,当,2688,新妻　佐江子,,53,女,公明,現,,2.099,公明,4,131091
2019,品川,当,2542,塚本　芳弘,,55,男,公明,現,,1.985,公明,4,131091
2019,品川,当,2392,若林　広毅,,58,男,公明,現,,1.868,公明,4,131091
2019,品川,当,2162,武内　忍,,55,男,公明,現,,1.688,公明,4,131091
2011,品川,落,1115,川西　和弘,,50,男,社民,新,,0.926,社民,8,131091
2015,品川,落,1115,川西　和弘,,50,男,社民,新,,0.919,社民,8,131091
2019,品川,当,2844,松本　常広,,37,男,維新,新,,2.221,維新,3,131091
2015,品川,当,1734,井上　八重子,,53,女,品川・生活者ネットワーク,現,,1.43,諸派,99,131091
2015,品川,落,1415.862,小林　けさみ,,56,女,品川・生活者ネットワーク,新,,1.167,諸派,99,131091
2011,品川,当,1734,井上　八重子,,53,女,品川・生活者ネットワーク,現,,1.441,諸派,99,131091
2011,品川,落,1415.862,小林　けさみ,,56,女,品川・生活者ネットワーク,新,,1.176,諸派,99,131091
2019,品川,当,2195.863,吉田　由美子,,64,女,品川・生活者ネットワーク,現,,1.715,諸派,99,131091
2019,品川,当,2134,田中　奏香,,37,女,品川・生活者ネットワーク,現,,1.667,諸派,99,131091
2011,品川,落,914,藤川　美穂,,33,女,幸福実現党,新,,0.759,諸派,99,131091
2015,品川,落,914,藤川　美穂,,33,女,幸福実現党,新,,0.754,諸派,99,131091
2019,品川,当,6069,阿部　祐美子,,54,女,立憲,元,,4.74,立憲,2,131091
2019,品川,落,1777,磯部　尚哉,,41,男,立憲,新,,1.388,立憲,2,131091
2019,品川,当,3163,筒井　洋介,,39,男,都民ファーストの会,現,,2.47,諸派,99,131091
2019,品川,当,2532,国場　雄大,,42,男,NHKから国民を守る党,新,,1.977,NHK,9,131091
2019,品川,当,1994,大倉　考裕,,35,男,国民,現,,1.557,国民,6,131091
2019,品川,落,1822,松永　吉洋,,37,男,国民,現,,1.423,国民,6,131091
2019,品川,落,1513,稲川　貴之,,46,男,国民,現,,1.182,国民,6,131091
2019,品川,落,1074.99,石田　慎吾,,39,男,国民,現,,0.84,国民,6,131091
2019,品川,落,871.136,吉田　あつみ,,61,女,自由,元,,0.68,諸派,99,131091
2019,品川,落,450.856,伊藤　慎吾,,57,男,ガンバル,新,,0.352,諸派,99,131091
2015,大田,当,7586,奈須　利江,なす　りえ,53,女,無所属,元,研究所研究員,3.131,無所属,11,131113
2015,大田,当,5523,湯本　良太郎,ゆもと　りょうたろう,38,男,無所属,元,会社員,2.279,無所属,11,131113
2015,大田,当,4300,馬橋　靖世,まばし　やすとき,31,男,無所属,現,区議会議員,1.775,無所属,11,131113
2015,大田,当,4287.198,松原　元,まつばら　はじめ,27,男,無所属,新,無職,1.769,無所属,11,131113
2015,大田,落,2874.93,荒木　秀樹,あらき　ひでき,65,男,無所属,現,区議会議員,1.186,無所属,11,131113
2015,大田,落,1167.783,金子　富夫,かねこ　とみお,64,男,無所属,元,災害対策アドバイザー,0.482,無所属,11,131113
2015,大田,落,1042.749,鈴木　雄人,すずき　たけと,40,男,無所属,新,会社員,0.43,無所属,11,131113
2015,大田,落,895,小出　直樹,こいで　なおき,47,男,無所属,新,エンターテイナー,0.369,無所属,11,131113
2015,大田,落,889,太田黒　恵,おおたぐろ　めぐみ,63,女,無所属,新,高齢者福祉スーパーバイザー,0.367,無所属,11,131113
2015,大田,落,860,福田　裕久,ふくだ　ひろひさ,47,男,無所属,新,無職,0.355,無所属,11,131113
2015,大田,落,474,茂野　俊哉,しばの　としや,54,男,無所属,新,相談支援専門員,0.196,無所属,11,131113
2011,大田,当,5249,荒木　秀樹,,61,男,無所属,現,,2.16,無所属,11,131113
2011,大田,落,1166,石原　聖康,,52,男,無所属,新,,0.48,無所属,11,131113
2011,大田,落,1109,細野　一夫,,57,男,無所属,新,,0.456,無所属,11,131113
2011,大田,落,638,比留間　誠司,,57,男,無所属,新,,0.263,無所属,11,131113
2011,大田,落,540.294,田中　大介,,41,男,無所属,新,,0.222,無所属,11,131113
2011,大田,落,535,畑中　克史,,62,男,無所属,新,,0.22,無所属,11,131113
2011,大田,落,141,大島　英明,,50,男,無所属,新,,0.058,無所属,11,131113
2019,大田,当,10901,奈須　利江,,57,女,無所属,現,,4.255,無所属,11,131113
2019,大田,当,4396,馬橋　靖世,,35,男,無所属,現,,1.716,無所属,11,131113
2019,大田,当,3571,須藤　英児,,50,男,無所属,新,,1.394,無所属,11,131113
2019,大田,当,3304,荻野　稔,,33,男,無所属,元,,1.29,無所属,11,131113
2019,大田,当,2754,岸田　哲治,,69,男,無所属,現,,1.075,無所属,11,131113
2019,大田,当,2727,荒木　秀樹,,69,男,無所属,元,,1.065,無所属,11,131113
2019,大田,落,2520.906,天坂　大介,,41,男,無所属,新,,0.984,無所属,11,131113
2019,大田,落,1990,津田　智紀,,46,男,無所属,元,,0.777,無所属,11,131113
2019,大田,落,1433.154,田中　啓三,,60,男,無所属,新,,0.559,無所属,11,131113
2019,大田,落,1273,金子　富夫,,68,男,無所属,元,,0.497,無所属,11,131113
2019,大田,落,1247,溝口　晃一,,50,男,無所属,新,,0.487,無所属,11,131113
2019,大田,落,1239,寺田　一智,,39,男,無所属,新,,0.484,無所属,11,131113
2019,大田,落,827,福田　裕久,,51,男,無所属,新,,0.323,無所属,11,131113
2019,大田,落,374,谷口　秀樹,,56,男,無所属,新,,0.146,無所属,11,131113
2019,大田,落,325,村元　寅次,,65,男,無所属,新,,0.127,無所属,11,131113
2019,大田,落,246,原　忠信,,67,男,無所属,新,,0.096,無所属,11,131113
2011,大田,当,4766,沼田　秀弘,,48,男,みんな,元,,1.961,諸派,99,131113
2011,大田,当,3407,柳瀬　吉助,,43,男,みんな,新,,1.402,諸派,99,131113
2011,大田,落,2576,今津　英幸,,36,男,みんな,新,,1.06,諸派,99,131113
2011,大田,落,1968.505,溝口　晃一,,42,男,みんな,新,,0.81,諸派,99,131113
2011,大田,落,1825,桜本　清,,54,男,みんな,新,,0.751,諸派,99,131113
2015,大田,当,7785.9,松原　秀典,まつばら　ひでのり,67,男,自民,現,学習塾経営,3.213,自民,1,131113
2015,大田,当,6393.9,松原　茂登樹,まつばら　もとき,61,男,自民,現,区議会議員,2.639,自民,1,131113
2015,大田,当,5158,田中　一吉,たなか　かずよし,64,男,自民,現,区議会議員,2.129,自民,1,131113
2015,大田,当,4762,伊藤　和弘,いとう　かずひろ,56,男,自民,現,区議会議員,1.965,自民,1,131113
2015,大田,当,4645.25,鈴木　隆之,すずき　たかゆき,40,男,自民,現,会社役員,1.917,自民,1,131113
2015,大田,当,4636,塩野目　正樹,しおのめ　まさき,52,男,自民,現,区議会議員,1.913,自民,1,131113
2015,大田,当,4158,伊佐治　剛,いさじ　ごう,36,男,自民,現,区議会議員,1.716,自民,1,131113
2015,大田,当,4069,高瀬　三徳,たかせ　さんとく,53,男,自民,現,区議会議員,1.679,自民,1,131113
2015,大田,当,4023,押見　隆太,おしみ　りゅうた,41,男,自民,現,区議会議員,1.66,自民,1,131113
2015,大田,当,3871,長野　元祐,ながの　もとひろ,31,男,自民,現,区議会議員,1.597,自民,1,131113
2015,大田,当,3605,渡司　幸,わたじ　みゆき,52,女,自民,新,無職,1.488,自民,1,131113
2015,大田,当,3532,高山　雄一,たかやま　ゆういち,46,男,自民,新,会社役員,1.458,自民,1,131113
2015,大田,当,3475,大森　昭彦,おおもり　あきひこ,62,男,自民,現,区議会議員,1.434,自民,1,131113
2015,大田,当,3317,深川　幹祐,ふかがわ　みきひろ,35,男,自民,現,区議会議員,1.369,自民,1,131113
2015,大田,当,3286,岸田　哲治,きしだ　てつはる,65,男,自民,現,会社役員,1.356,自民,1,131113
2015,大田,当,2941,安藤　充,あんどう　みつる,69,男,自民,現,保険代理業,1.214,自民,1,131113
2015,大田,落,2659,海老沢　圭介,えびさわ　けいすけ,43,男,自民,現,会社役員,1.097,自民,1,131113
2015,大田,落,1802,竹越　利之,たけこし　としゆき,55,男,自民,新,会社役員,0.744,自民,1,131113
2011,大田,当,7049.77,松原　茂登樹,,57,男,自民,現,,2.901,自民,1,131113
2011,大田,当,6806.134,鈴木　隆之,,36,男,自民,現,,2.8,自民,1,131113
2011,大田,当,5901.229,松原　秀典,,63,男,自民,現,,2.428,自民,1,131113
2011,大田,当,5580.705,田中　一吉,,60,男,自民,現,,2.296,自民,1,131113
2011,大田,当,4552,高瀬　三徳,,49,男,自民,現,,1.873,自民,1,131113
2011,大田,当,4446,塩野目　正樹,,48,男,自民,現,,1.829,自民,1,131113
2011,大田,当,4258,大森　昭彦,,58,男,自民,現,,1.752,自民,1,131113
2011,大田,当,3822,海老沢　圭介,,39,男,自民,新,,1.573,自民,1,131113
2011,大田,当,3723,押見　隆太,,37,男,自民,現,,1.532,自民,1,131113
2011,大田,当,3692.662,岸田　哲治,,61,男,自民,現,,1.519,自民,1,131113
2011,大田,当,3317,深川　幹祐,,31,男,自民,新,,1.365,自民,1,131113
2011,大田,当,3199,伊佐治　剛,,32,男,自民,新,,1.316,自民,1,131113
2011,大田,当,3078,水井　達興,,70,男,自民,現,,1.266,自民,1,131113
2011,大田,当,2987,安藤　充,,65,男,自民,現,,1.229,自民,1,131113
2011,大田,当,2774,長野　元祐,,27,男,自民,新,,1.141,自民,1,131113
2011,大田,当,2605,伊藤　和弘,,52,男,自民,現,,1.072,自民,1,131113
2011,大田,落,1888.865,鈴木　康文,,50,男,自民,現,,0.777,自民,1,131113
2019,大田,当,7794,湯本　良太郎,,42,男,自民,現,,3.043,自民,1,131113
2019,大田,当,6892.191,松原　秀典,,71,男,自民,現,,2.69,自民,1,131113
2019,大田,当,4604,高瀬　三徳,,57,男,自民,現,,1.797,自民,1,131113
2019,大田,当,4562,伊佐治　剛,,40,男,自民,現,,1.781,自民,1,131113
2019,大田,当,4433,深川　幹祐,,39,男,自民,現,,1.73,自民,1,131113
2019,大田,当,4375.845,田中　一吉,,68,男,自民,現,,1.708,自民,1,131113
2019,大田,当,4316,長野　元祐,,35,男,自民,現,,1.685,自民,1,131113
2019,大田,当,3924,塩野目　正樹,,56,男,自民,現,,1.532,自民,1,131113
2019,大田,当,3886,渡司　幸,,56,女,自民,現,,1.517,自民,1,131113
2019,大田,当,3799,大森　昭彦,,66,男,自民,現,,1.483,自民,1,131113
2019,大田,当,3774,海老沢　圭介,,47,男,自民,元,,1.473,自民,1,131113
2019,大田,当,3659,押見　隆太,,45,男,自民,現,,1.428,自民,1,131113
2019,大田,当,3646,高山　雄一,,50,男,自民,現,,1.423,自民,1,131113
2019,大田,当,3042,鈴木　隆之,,44,男,自民,現,,1.187,自民,1,131113
2019,大田,落,2478,伊藤　和弘,,60,男,自民,現,,0.967,自民,1,131113
2019,大田,落,2474,柿島　耕平,,36,男,自民,新,,0.966,自民,1,131113
2019,大田,落,2460,加瀬　修一,,47,男,自民,新,,0.96,自民,1,131113
2019,大田,落,2211,安藤　充,,73,男,自民,現,,0.863,自民,1,131113
2015,大田,当,5728,清水　菊美,しみず　きくみ,57,女,共産,現,区議会議員,2.364,共産,5,131113
2015,大田,当,4869,佐藤　伸,さとう　しん,41,男,共産,現,区議会議員,2.009,共産,5,131113
2015,大田,当,4284.216,金子　悦子,かねこ　えつこ,66,女,共産,現,区議会議員,1.768,共産,5,131113
2015,大田,当,4254,菅谷　郁恵,すがや　いくえ,57,女,共産,現,区議会議員,1.756,共産,5,131113
2015,大田,当,3934,荒尾　大介,あらお　だいすけ,39,男,共産,新,政党勤務員,1.623,共産,5,131113
2015,大田,当,3886,黒沼　良光,くろぬま　よしみつ,66,男,共産,現,区議会議員,1.604,共産,5,131113
2015,大田,当,3541,福井　亮二,ふくい　りょうじ,40,男,共産,現,区議会議員,1.461,共産,5,131113
2015,大田,当,3536,大竹　辰治,おおたけ　たつじ,63,男,共産,現,区議会議員,1.459,共産,5,131113
2015,大田,当,2999,藤原　幸雄,ふじわら　ゆきお,73,男,共産,現,区議会議員,1.238,共産,5,131113
2011,大田,当,4640,和田　正子,,61,女,共産,現,,1.909,共産,5,131113
2011,大田,当,4070,黒沼　良光,,62,男,共産,元,,1.675,共産,5,131113
2011,大田,当,3663,菅谷　郁恵,,53,女,共産,現,,1.507,共産,5,131113
2011,大田,当,3573,佐藤　伸,,37,男,共産,現,,1.47,共産,5,131113
2011,大田,当,3538,金子　悦子,,62,女,共産,現,,1.456,共産,5,131113
2011,大田,当,3343,藤原　幸雄,,69,男,共産,現,,1.376,共産,5,131113
2011,大田,当,3339,福井　亮二,,36,男,共産,新,,1.374,共産,5,131113
2011,大田,当,2913,清水　菊美,,53,女,共産,現,,1.199,共産,5,131113
2011,大田,当,2634,大竹　辰治,,59,男,共産,現,,1.084,共産,5,131113
2019,大田,当,4829,菅谷　郁恵,,61,女,共産,現,,1.885,共産,5,131113
2019,大田,当,3860,清水　菊美,,61,女,共産,現,,1.507,共産,5,131113
2019,大田,当,3688,杉山　公一,,63,男,共産,新,,1.44,共産,5,131113
2019,大田,当,3642,佐藤　伸,,45,男,共産,元,,1.422,共産,5,131113
2019,大田,当,3492,黒沼　良光,,70,男,共産,現,,1.363,共産,5,131113
2019,大田,当,3039.093,荒尾　大介,,43,男,共産,現,,1.186,共産,5,131113
2019,大田,当,3021,大竹　辰治,,67,男,共産,現,,1.179,共産,5,131113
2019,大田,当,2575,福井　亮二,,44,男,共産,現,,1.005,共産,5,131113
2019,大田,落,2227,渡辺　強,,48,男,共産,新,,0.869,共産,5,131113
2015,大田,当,6079,森　愛,もり　あい,37,女,民主,現,区議会議員,2.509,民主,80,131113
2015,大田,当,5269,岡　高志,おか　たかし,39,男,民主,現,区議会議員,2.174,民主,80,131113
2015,大田,当,3801,山崎　勝広,やまざき　かつひろ,48,男,民主,現,区議会議員,1.569,民主,80,131113
2015,大田,当,3668,黒川　仁,くろかわ　じん,39,男,民主,現,区議会議員,1.514,民主,80,131113
2015,大田,落,2112,津田　智紀,つだ　ともき,42,男,民主,現,区議会議員,0.872,民主,80,131113
2015,大田,落,1795,中川　蔦也,なかがわ　つたや,33,男,民主,新,議員秘書,0.741,民主,80,131113
2011,大田,当,5571,森　愛,,33,女,民主,現,,2.292,民主,80,131113
2011,大田,当,4376,黒川　仁,,35,男,民主,現,,1.801,民主,80,131113
2011,大田,当,3717,馬橋　靖世,,27,男,民主,新,,1.529,民主,80,131113
2011,大田,当,3114,岡　高志,おか　たかし,35,男,民主,新,,1.281,民主,80,131113
2011,大田,当,2865,山崎　勝広,,44,男,民主,現,,1.179,民主,80,131113
2011,大田,当,2862,津田　智紀,,38,男,民主,新,,1.178,民主,80,131113
2011,大田,落,2551,伊達　淳一郎,,28,男,民主,新,,1.05,民主,80,131113
2011,大田,落,2354.613,北島　大,,39,男,民主,新,,0.969,民主,80,131113
2011,大田,落,2318,橋本　丈史,,28,男,民主,新,,0.954,民主,80,131113
2011,大田,落,2069.337,岸田　正,,63,男,民主,現,,0.851,民主,80,131113
2011,大田,落,1922.494,野坂　貢一,,43,男,民主,新,,0.791,民主,80,131113
2011,大田,落,1509,高井　優一,,28,男,民主,新,,0.621,民主,80,131113
2011,大田,落,1485.386,木村　勝,,53,男,民主,現,,0.611,民主,80,131113
2011,大田,落,1123,古川　秀雄,,33,男,民主,新,,0.462,民主,80,131113
2011,大田,落,894,水谷　深,,37,男,民主,新,,0.368,民主,80,131113
2015,大田,当,4104,松本　洋之,まつもと　ひろゆき,56,男,公明,現,区議会議員,1.694,公明,4,131113
2015,大田,当,3635,勝亦　聡,かつまた　さとし,52,男,公明,現,区議会議員,1.5,公明,4,131113
2015,大田,当,3635,小峰　由枝,こみね　よしえ,56,女,公明,新,介護士,1.5,公明,4,131113
2015,大田,当,3584,秋成　靖,あきなり　おさむ,47,男,公明,現,区議会議員,1.479,公明,4,131113
2015,大田,当,3562,広川　恵美子,ひろかわ　えみこ,52,女,公明,現,区議会議員,1.47,公明,4,131113
2015,大田,当,3519,末安　広明,すえやす　ひろあき,42,男,公明,新,無職,1.452,公明,4,131113
2015,大田,当,3334,玉川　英俊,たまがわ　ひでとし,46,男,公明,現,区議会議員,1.376,公明,4,131113
2015,大田,当,3327,田島　和雄,たじま　かずお,44,男,公明,新,無職,1.373,公明,4,131113
2015,大田,当,3318,岡元　由美,おかもと　ゆみ,55,女,公明,現,区議会議員,1.369,公明,4,131113
2015,大田,当,3304.069,田村　英樹,たむら　ひでき,46,男,公明,現,区議会議員,1.364,公明,4,131113
2015,大田,当,3197,大橋　武司,おおはし　たけし,46,男,公明,現,区議会議員,1.319,公明,4,131113
2015,大田,当,2960,椿　真一,つばき　しんいち,51,男,公明,新,無職,1.222,公明,4,131113
2011,大田,当,4302,冨田　俊一,,61,男,公明,現,,1.77,公明,4,131113
2011,大田,当,4154,松本　洋之,,52,男,公明,現,,1.709,公明,4,131113
2011,大田,当,4145,岡元　由美,,51,女,公明,現,,1.706,公明,4,131113
2011,大田,当,3891,勝亦　聡,,48,男,公明,現,,1.601,公明,4,131113
2011,大田,当,3864,秋成　靖,,43,男,公明,新,,1.59,公明,4,131113
2011,大田,当,3853,清波　貞子,,64,女,公明,現,,1.585,公明,4,131113
2011,大田,当,3756,飯田　茂,,61,男,公明,現,,1.545,公明,4,131113
2011,大田,当,3715,広川　恵美子,,48,女,公明,新,,1.529,公明,4,131113
2011,大田,当,3709,田村　英樹,,42,男,公明,新,,1.526,公明,4,131113
2011,大田,当,3689,丸山　かよ,,59,女,公明,現,,1.518,公明,4,131113
2011,大田,当,3550,大橋　武司,,42,男,公明,新,,1.461,公明,4,131113
2011,大田,当,3296,玉川　英俊,,42,男,公明,新,,1.356,公明,4,131113
2019,大田,当,4737,広川　恵美子,,56,女,公明,現,,1.849,公明,4,131113
2019,大田,当,4181,岡元　由美,,59,女,公明,現,,1.632,公明,4,131113
2019,大田,当,4171,田村　英樹,,50,男,公明,現,,1.628,公明,4,131113
2019,大田,当,4042,秋成　靖,,51,男,公明,現,,1.578,公明,4,131113
2019,大田,当,4014,勝亦　聡,,56,男,公明,現,,1.567,公明,4,131113
2019,大田,当,3949,大橋　武司,,50,男,公明,現,,1.542,公明,4,131113
2019,大田,当,3841,椿　真一,,55,男,公明,現,,1.499,公明,4,131113
2019,大田,当,3651,玉川　英俊,,50,男,公明,現,,1.425,公明,4,131113
2019,大田,当,3562,小峰　由枝,,60,女,公明,現,,1.39,公明,4,131113
2019,大田,当,3554,末安　広明,,46,男,公明,現,,1.387,公明,4,131113
2019,大田,当,3529,松本　洋之,,60,男,公明,現,,1.378,公明,4,131113
2019,大田,当,3471,田島　和雄,,48,男,公明,現,,1.355,公明,4,131113
2011,大田,落,1527,川上　康正,,46,男,社民,新,,0.628,社民,8,131113
2015,大田,当,5240,三沢　清太郎,みさわ　せいたろう,43,男,維新,新,賃貸業,2.162,維新,3,131113
2015,大田,当,3653,荻野　稔,おぎの　みのる,29,男,維新,新,党政策委員,1.508,維新,3,131113
2019,大田,当,5448,三沢　清太郎,,47,男,維新,現,,2.127,維新,3,131113
2015,大田,当,6383,犬伏　秀一,いぬぶし　ひでかず,58,男,次世代,元,会社役員,2.634,諸派,99,131113
2015,大田,落,2549,須藤　英児,すどう　えいじ,46,男,次世代,新,会社員,1.052,諸派,99,131113
2015,大田,当,5290,北沢　潤子,きたざわ　じゅんこ,54,女,大田・生活者ネットワーク,現,幼稚園非常勤講師,2.183,諸派,99,131113
2011,大田,当,4411,奈須　利江,,49,女,大田・生活者ネットワーク,現,,1.815,諸派,99,131113
2011,大田,当,3514,北沢　潤子,,50,女,大田・生活者ネットワーク,新,,1.446,諸派,99,131113
2019,大田,当,5247,北沢　潤子,,58,女,大田・生活者ネットワーク,現,,2.048,諸派,99,131113
2015,大田,当,4775,野呂　恵子,のろ　けいこ,60,女,緑の党,現,区議会議員,1.971,諸派,99,131113
2011,大田,当,4428,野呂　恵子,,56,女,緑の党,現,,1.822,諸派,99,131113
2019,大田,当,4727,野呂　恵子,,64,女,緑の党,現,,1.845,諸派,99,131113
2015,大田,落,706,今津　英幸,いまづ　ひでゆき,40,男,みんなの大田,新,WEBコンテンツ制作業,0.291,諸派,99,131113
2015,大田,落,704,溝口　晃一,みぞぐち　こういち,46,男,闘う改革の会東京,新,カメラマン,0.291,諸派,99,131113
2015,大田,落,446,尾上　明,おのえ　あきら,49,男,私達の教育勅語・明治からの道徳を伝える会,新,広告配布請負業,0.184,諸派,99,131113
2011,大田,当,6363,犬伏　秀一,,54,男,たち日,現,,2.618,諸派,99,131113
2011,大田,落,2198,須藤　英児,,42,男,日本創新党,新,,0.904,諸派,99,131113
2011,大田,落,1444,福本　健,,49,男,みんなのための「区民党」,新,,0.594,諸派,99,131113
2011,大田,落,1289,横溝　慎,,50,男,みんなのための「区民党」,新,,0.53,諸派,99,131113
2019,大田,当,6047,平野　春望,,39,男,立憲,新,,2.361,立憲,2,131113
2019,大田,当,5913,小川　あずさ,,59,女,立憲,新,,2.308,立憲,2,131113
2019,大田,当,3836,庄嶋　孝広,,44,男,立憲,新,,1.497,立憲,2,131113
2019,大田,当,10081,奥本　有里,,42,女,都民ファーストの会,新,,3.935,諸派,99,131113
2019,大田,当,3036,植田　智一,,52,男,NHKから国民を守る党,新,,1.185,NHK,9,131113
2019,大田,落,2278,山崎　勝広,,52,男,国民,現,,0.889,国民,6,131113
2019,大田,落,1657,黒川　仁,,43,男,国民,現,,0.647,国民,6,131113
2019,大田,落,894,安田　輝久,,48,男,自由,新,,0.349,諸派,99,131113
2019,大田,当,4042.808,松原　元,,31,男,ガンバル,現,,1.578,諸派,99,131113
2019,大田,当,4631,犬伏　秀一,,62,男,たちあがれ日本,現,,1.808,諸派,99,131113
2019,大田,落,1039,尾上　明,,53,男,『教育勅語』明治の会,新,,0.406,諸派,99,131113
2019,大田,落,812,高橋　京夢,,26,男,ユーチューバー推進党,新,,0.317,諸派,99,131113
2015,渋谷,当,4163,岡田　麻理,おかだ　まり,47,女,無所属,現,渋谷区議会議員,5.695,無所属,11,131130
2015,渋谷,当,2089,伊藤　毅志,いとう　たけし,53,男,無所属,現,渋谷区議会議員,2.858,無所属,11,131130
2015,渋谷,当,1615,薬丸　義人,やくまる　よしと,50,男,無所属,現,渋谷区議会議員,2.209,無所属,11,131130
2015,渋谷,当,1530,笹本　由紀子,ささもと　ゆきこ,50,女,無所属,現,幼児教育研究所代表,2.093,無所属,11,131130
2015,渋谷,当,1314,須田　賢,すだ　けん,39,男,無所属,現,渋谷区議会議員,1.797,無所属,11,131130
2015,渋谷,当,1250,小柳　政也,こやなぎ　まさや,48,男,無所属,現,渋谷区議会議員,1.71,無所属,11,131130
2015,渋谷,落,1070,佐々木　弘明,ささき　ひろあき,52,男,無所属,現,渋谷区議会議員,1.464,無所属,11,131130
2015,渋谷,落,986,森田　由紀,もりた　ゆき,44,女,無所属,新,NPO法人代表理事,1.349,無所属,11,131130
2015,渋谷,落,890,小林　崇央,こばやし　たかひろ,44,男,無所属,元,スポーツメーカー役員,1.217,無所属,11,131130
2015,渋谷,落,523,菊池　愛典,きくち　あいすけ,61,男,無所属,新,無職,0.715,無所属,11,131130
2015,渋谷,落,364,田辺　浩一郎,たなべ　こういちろう,48,男,無所属,新,食品卸売会社役員,0.498,無所属,11,131130
2015,渋谷,落,313,今井　誓示,いまい　せいじ,38,男,無所属,新,自営業,0.428,無所属,11,131130
2015,渋谷,落,229,内山　麿我,うちやま　まろか,31,男,無所属,新,アーティスト,0.313,無所属,11,131130
2015,渋谷,落,169,水原　克朗,みずはら　かつろう,50,男,無所属,新,自営業,0.231,無所属,11,131130
2015,渋谷,落,112,加藤　正,かとう　ただし,63,男,無所属,新,会社役員,0.153,無所属,11,131130
2011,渋谷,当,3654,長谷部　健,はせべ　けん,39,男,無所属,現,渋谷区議会議員,5.397,無所属,11,131130
2011,渋谷,当,2180.724,伊藤　毅志,いとう　たけし,49,男,無所属,現,区議会議員,3.221,無所属,11,131130
2011,渋谷,当,1796,薬丸　義人,やくまる　よしと,46,男,無所属,現,区議会議員,2.653,無所属,11,131130
2011,渋谷,当,1632,笹本　由紀子,ささもと　ゆきこ,46,女,無所属,新,民間シンクタンク代表,2.41,無所属,11,131130
2011,渋谷,落,963,東　敦子,あづま　あつこ,67,女,無所属,現,区議会議員,1.422,無所属,11,131130
2011,渋谷,落,920,金井　義忠,かない　よしただ,60,男,無所属,現,会社役員,1.359,無所属,11,131130
2011,渋谷,落,458,広田　武史,ひろた　たけふみ,58,男,無所属,新,グラフィックデザイナー,0.676,無所属,11,131130
2011,渋谷,落,338,林　志寿雄,はやし　しずお,57,男,無所属,新,会社役員,0.499,無所属,11,131130
2011,渋谷,落,220.275,伊藤　淳子,いとう　じゅんこ,55,女,無所属,新,コンサルタント,0.325,無所属,11,131130
2011,渋谷,落,164,永富　裕章,ながとみ　ひろあき,42,男,無所属,新,会社役員,0.242,無所属,11,131130
2019,渋谷,当,3288.695,岡田　麻理,,51,女,無所属,現,,4.458,無所属,11,131130
2019,渋谷,当,2164.163,田中　匠身,,50,男,無所属,現,,2.934,無所属,11,131130
2019,渋谷,当,2012.628,伊藤　毅志,,57,男,無所属,現,,2.728,無所属,11,131130
2019,渋谷,当,1915,神薗　麻智子,,39,女,無所属,新,,2.596,無所属,11,131130
2019,渋谷,当,1640,鈴木　建邦,,44,男,無所属,現,,2.223,無所属,11,131130
2019,渋谷,当,1529.877,森田　由紀,,48,女,無所属,新,,2.074,無所属,11,131130
2019,渋谷,当,1497,薬丸　義人,,54,男,無所属,現,,2.029,無所属,11,131130
2019,渋谷,当,1441.304,佐藤　真理,,67,女,無所属,現,,1.954,無所属,11,131130
2019,渋谷,当,1171,須田　賢,,43,男,無所属,現,,1.587,無所属,11,131130
2019,渋谷,落,1056,小柳　政也,,52,男,無所属,現,,1.432,無所属,11,131130
2019,渋谷,落,793,笹本　由紀子,,54,女,無所属,現,,1.075,無所属,11,131130
2019,渋谷,落,763,佐々木　弘明,,56,男,無所属,元,,1.034,無所属,11,131130
2019,渋谷,落,465,菊池　愛典,,65,男,無所属,新,,0.63,無所属,11,131130
2019,渋谷,落,426,田辺　浩一郎,,52,男,無所属,新,,0.577,無所属,11,131130
2019,渋谷,落,352,小林　崇央,,48,男,無所属,元,,0.477,無所属,11,131130
2019,渋谷,落,340,川路　利樹,,41,男,無所属,新,,0.461,無所属,11,131130
2019,渋谷,落,322,田口　昌志,,50,男,無所属,新,,0.437,無所属,11,131130
2019,渋谷,落,263,山岡　泰彰,,32,男,無所属,新,,0.357,無所属,11,131130
2019,渋谷,落,222,江上　真吾,,63,男,無所属,新,,0.301,無所属,11,131130
2019,渋谷,落,217,岩崎　健太郎,,27,男,無所属,新,,0.294,無所属,11,131130
2019,渋谷,落,112,秋元　英之,,50,男,無所属,現,,0.152,無所属,11,131130
2019,渋谷,落,75,園田　康,,57,男,無所属,新,,0.102,無所属,11,131130
2011,渋谷,当,2454,須田　賢,すだ　けん,35,男,みんな,新,政党支部役員,3.624,諸派,99,131130
2011,渋谷,当,1673.898,小林　崇央,こばやし　たかひろ,40,男,みんな,現,渋谷区議会議員,2.472,諸派,99,131130
2011,渋谷,当,1135,小柳　政也,こやなぎ　まさや,44,男,みんな,新,政党支部役員,1.676,諸派,99,131130
2015,渋谷,当,2340,藤井　敬夫,ふじい　たかお,48,男,自民,新,会社員,3.201,自民,1,131130
2015,渋谷,当,2209.792,斎藤　竜一,さいとう　りゅういち,54,男,自民,現,渋谷区議会議員,3.023,自民,1,131130
2015,渋谷,当,2055,下嶋　倫朗,しもじま　みちお,63,男,自民,現,渋谷区議会議員,2.811,自民,1,131130
2015,渋谷,当,1913,丸山　高司,まるやま　たかし,57,男,自民,現,渋谷区議会議員,2.617,自民,1,131130
2015,渋谷,当,1871,佐藤　真理,さとう　まり,63,女,自民,現,渋谷区議会議員,2.559,自民,1,131130
2015,渋谷,当,1743,前田　和茂,まえだ　　かずしげ,45,男,自民,現,渋谷区議会議員,2.384,自民,1,131130
2015,渋谷,当,1487.206,斉藤　貴之,さいとう　たかゆき,39,男,自民,新,不動産会社経営,2.034,自民,1,131130
2015,渋谷,当,1454,木村　正義,きむら　まさよし,72,男,自民,現,渋谷区議会議員,1.989,自民,1,131130
2015,渋谷,当,1351,一柳　直宏,ひとつやなぎ　なおひろ,52,男,自民,新,衆議院議員秘書,1.848,自民,1,131130
2015,渋谷,当,1300,染谷　賢治,そめや　けんじ,80,男,自民,現,団体役員,1.778,自民,1,131130
2015,渋谷,落,929,原田　浩太郎,はらだ　ひろたろう,42,男,自民,新,会社役員,1.271,自民,1,131130
2015,渋谷,落,724,桜井　卓,さくらい　たく,36,男,自民,新,会社役員,0.99,自民,1,131130
2015,渋谷,落,348,牧野　憲賢,まきの　のりかた,45,男,自民,新,会社役員,0.476,自民,1,131130
2011,渋谷,当,3559,丸山　高司,まるやま　たかし,53,男,自民,現,渋谷区議会議員,5.256,自民,1,131130
2011,渋谷,当,2150,染谷　賢治,そめや　けんじ,76,男,自民,現,団体役員,3.175,自民,1,131130
2011,渋谷,当,1665.38,斎藤　竜一,さいとう　りゅういち,50,男,自民,現,区議会議員,2.46,自民,1,131130
2011,渋谷,当,1653,下嶋　倫朗,しもじま　みちお,59,男,自民,現,区議会議員,2.441,自民,1,131130
2011,渋谷,当,1646,前田　和茂,まえだ　かずしげ,41,男,自民,現,区議会議員,2.431,自民,1,131130
2011,渋谷,当,1561,木村　正義,きむら　まさよし,68,男,自民,現,区議会議員,2.305,自民,1,131130
2011,渋谷,当,1455.455,佐藤　真理,さとう　まり,59,女,自民,現,区議会議員,2.15,自民,1,131130
2011,渋谷,落,1134,松岡　定俊,まつおか　さだとし,56,男,自民,現,区議会議員,1.675,自民,1,131130
2011,渋谷,落,1128,中谷　琢也,なかたに　たくや,49,男,自民,現,区議会議員,1.666,自民,1,131130
2011,渋谷,落,1081.58,小林　清光,こばやし　きよみつ,62,男,自民,現,渋谷区議会議員,1.597,自民,1,131130
2011,渋谷,落,683.619,斎藤　貴之,さいとう　たかゆき,35,男,自民,新,不動産会社経営,1.01,自民,1,131130
2019,渋谷,当,2145,松本　翔,,33,男,自民,新,,2.908,自民,1,131130
2019,渋谷,当,2026,一柳　直宏,,56,男,自民,現,,2.746,自民,1,131130
2019,渋谷,当,1977,木村　正義,,76,男,自民,現,,2.68,自民,1,131130
2019,渋谷,当,1911,丸山　高司,,61,男,自民,現,,2.591,自民,1,131130
2019,渋谷,当,1534.707,斎藤　竜一,,58,男,自民,現,,2.08,自民,1,131130
2019,渋谷,当,1335,下嶋　倫朗,,67,男,自民,現,,1.81,自民,1,131130
2019,渋谷,当,1187.371,中村　豪志,,42,男,自民,新,,1.61,自民,1,131130
2019,渋谷,当,1162.292,斉藤　貴之,,43,男,自民,現,,1.576,自民,1,131130
2019,渋谷,当,1139,岡美　千瑠,,40,女,自民,新,,1.544,自民,1,131130
2019,渋谷,落,1079,藤井　敬夫,,52,男,自民,現,,1.463,自民,1,131130
2019,渋谷,落,1076,釜谷　あすり,,26,女,自民,新,,1.459,自民,1,131130
2019,渋谷,落,869,青木　勲,,43,男,自民,新,,1.178,自民,1,131130
2015,渋谷,当,2750,五十嵐　千代子,いがらし　ちよこ,61,女,共産,現,渋谷区議会議員,3.762,共産,5,131130
2015,渋谷,当,1937,田中　正也,たなか　まさや,53,男,共産,現,渋谷区議会議員,2.65,共産,5,131130
2015,渋谷,当,1575,秋元　英之,あきもと　ひでゆき,46,男,共産,新,政党役員,2.155,共産,5,131130
2015,渋谷,当,1529,牛尾　真己,うしお　まさみ,57,男,共産,現,渋谷区議会議員,2.092,共産,5,131130
2015,渋谷,当,1454,苫　孝二,とま　こうじ,64,男,共産,現,渋谷区議会議員,1.989,共産,5,131130
2015,渋谷,当,1371,菅野　茂,すがの　しげる,67,男,共産,現,渋谷区議会議員,1.875,共産,5,131130
2011,渋谷,当,1632,五十嵐　千代子,いがらし　ちよこ,57,女,共産,現,政党役員,2.41,共産,5,131130
2011,渋谷,当,1487,田中　正也,たなか　まさや,49,男,共産,新,政党役員,2.196,共産,5,131130
2011,渋谷,当,1464,菅野　茂,すがの　しげる,63,男,共産,現,政党役員,2.162,共産,5,131130
2011,渋谷,当,1381,苫　孝二,とま　こうじ,60,男,共産,現,渋谷区議会議員,2.04,共産,5,131130
2011,渋谷,当,1350,新保　久美子,しんぽ　くみこ,62,女,共産,現,渋谷区議会議員,1.994,共産,5,131130
2011,渋谷,当,1318,牛尾　真己,うしお　まさみ,53,男,共産,現,渋谷区議会議員,1.947,共産,5,131130
2019,渋谷,当,1774,五十嵐　千代子,,65,女,共産,現,,2.405,共産,5,131130
2019,渋谷,当,1555.836,田中　正也,,57,男,共産,現,,2.109,共産,5,131130
2019,渋谷,当,1536,牛尾　真己,,61,男,共産,現,,2.082,共産,5,131130
2019,渋谷,当,1118,苫　孝二,,68,男,共産,現,,1.516,共産,5,131130
2019,渋谷,落,1044,菅野　茂,,71,男,共産,現,,1.415,共産,5,131130
2019,渋谷,落,976,折笠　裕治,,61,男,共産,新,,1.323,共産,5,131130
2015,渋谷,当,2482,鈴木　建邦,すずき　けんぽう,40,男,民主,現,渋谷区議会議員,3.395,民主,80,131130
2015,渋谷,当,2057,芦沢　一明,あしざわ　かずあき,50,男,民主,現,渋谷区議会議員,2.814,民主,80,131130
2015,渋谷,当,1902,吉田　佳代子,よしだ　かよこ,52,女,民主,現,渋谷区議会議員,2.602,民主,80,131130
2015,渋谷,当,1898,治田　学,はるた　まなぶ,44,男,民主,現,渋谷区議会議員,2.596,民主,80,131130
2015,渋谷,落,990,太田　哲郎,おおた　てつろう,26,男,民主,新,会社員,1.354,民主,80,131130
2011,渋谷,当,1739.544,岡田　麻理,おかだ　まり,43,女,民主,現,渋谷区議会議員,2.569,民主,80,131130
2011,渋谷,当,1690,吉田　佳代子,よしだ　かよこ,48,女,民主,現,区議会議員,2.496,民主,80,131130
2011,渋谷,当,1445,鈴木　建邦,すずき　けんぽう,36,男,民主,現,区議会議員,2.134,民主,80,131130
2011,渋谷,当,1237,治田　学,はるた　まなぶ,40,男,民主,新,無職,1.827,民主,80,131130
2011,渋谷,当,1223,芦沢　一明,あしざわ　かずあき,46,男,民主,現,渋谷区議会議員,1.806,民主,80,131130
2011,渋谷,当,1206,浜田　浩樹,はまだ　ひろき,33,男,民主,現,会社員,1.781,民主,80,131130
2011,渋谷,当,1161,佐々木　弘明,ささき　ひろあき,48,男,民主,新,政党役員,1.715,民主,80,131130
2011,渋谷,落,971.521,小林　真美子,こばやし　まみこ,33,女,民主,新,オペラ歌手,1.435,民主,80,131130
2011,渋谷,落,677,岩崎　保夫,いわさき　やすお,56,男,民主,現,渋谷区議会議員,1,民主,80,131130
2015,渋谷,当,1560,栗谷　順彦,くりや　よしひこ,58,男,公明,現,渋谷区議会議員,2.134,公明,4,131130
2015,渋谷,当,1551,沢島　英隆,さわしま　ひでたか,52,男,公明,現,渋谷区議会議員,2.122,公明,4,131130
2015,渋谷,当,1515,古川　斗記男,ふるかわ　ときお,61,男,公明,現,渋谷区議会議員,2.072,公明,4,131130
2015,渋谷,当,1412,近藤　順子,こんどう　じゅんこ,47,女,公明,新,無職,1.932,公明,4,131130
2015,渋谷,当,1261,久永　薫,ひさなが　かおる,52,女,公明,現,渋谷区議会議員,1.725,公明,4,131130
2015,渋谷,当,1201,松山　克幸,まつやま　かつゆき,55,男,公明,新,イラストレーター,1.643,公明,4,131130
2011,渋谷,当,1755,沢島　英隆,さわしま　ひでたか,48,男,公明,現,区議会議員,2.592,公明,4,131130
2011,渋谷,当,1563,植野　修,うえの　おさむ,61,男,公明,現,区議会議員,2.308,公明,4,131130
2011,渋谷,当,1559,広瀬　誠,ひろせ　まこと,61,男,公明,現,渋谷区議会議員,2.303,公明,4,131130
2011,渋谷,当,1449,栗谷　順彦,くりや　よしひこ,54,男,公明,現,区議会議員,2.14,公明,4,131130
2011,渋谷,当,1443,古川　斗記男,ふるかわ　ときお,57,男,公明,現,渋谷区議会議員,2.131,公明,4,131130
2011,渋谷,当,1403,久永　薫,ひさなが　かおる,48,女,公明,新,無職,2.072,公明,4,131130
2019,渋谷,当,1656,松山　克幸,,59,男,公明,現,,2.245,公明,4,131130
2019,渋谷,当,1612,久永　薫,,56,女,公明,現,,2.185,公明,4,131130
2019,渋谷,当,1574,近藤　順子,,51,女,公明,現,,2.134,公明,4,131130
2019,渋谷,当,1524,栗谷　順彦,,62,男,公明,現,,2.066,公明,4,131130
2019,渋谷,当,1489,沢島　英隆,,56,男,公明,現,,2.019,公明,4,131130
2015,渋谷,落,1191,大西　順子,おおにし　じゅんこ,49,女,維新,新,会社監査役,1.629,維新,3,131130
2015,渋谷,落,883,橘高　薫子,きったか　かおるこ,45,女,維新,新,特定非営利活動法人理事,1.208,維新,3,131130
2015,渋谷,落,604,小嶋　秀治,こじま　ひではる,52,男,次世代,新,報道カメラマン会社経営,0.826,諸派,99,131130
2019,渋谷,落,214.122,守田　有希生,,31,男,幸福実現党,新,,0.29,諸派,99,131130
2015,渋谷,当,1887,堀切　稔仁,ほりきり　ねんじん,46,男,渋谷オンブズマン,現,渋谷区議会議員,2.581,諸派,99,131130
2011,渋谷,当,1424,堀切　稔仁,ほりきり　ねんじん,42,男,渋谷オンブズマン,新,自営業,2.103,諸派,99,131130
2015,渋谷,当,1233,田中　匠身,たなか　たくみ,46,男,元気,新,会社役員,1.687,諸派,99,131130
2019,渋谷,当,3340,中田　喬士,,29,男,立憲,新,,4.528,立憲,2,131130
2019,渋谷,当,2694,吉田　佳代子,,56,女,立憲,現,,3.652,立憲,2,131130
2019,渋谷,当,2005,小田　浩美,,53,女,立憲,新,,2.718,立憲,2,131130
2019,渋谷,当,1716,治田　学,,48,男,立憲,現,,2.326,立憲,2,131130
2019,渋谷,当,1428,金子　快之,,48,男,NHKから国民を守る党,新,,1.936,NHK,9,131130
2019,渋谷,落,603,浜田　浩樹,,41,男,国民,元,,0.817,国民,6,131130
2019,渋谷,当,2376,橋本　侑樹,,26,女,あたらしい党,新,,3.221,諸派,99,131130
2019,渋谷,当,1631,堀切　稔仁,,50,男,渋谷オンブスマン,現,,2.211,諸派,99,131130
2019,渋谷,落,288,新庄　美鈴,,58,女,自由を守る会,新,,0.39,諸派,99,131130
2015,中央,当,3736,山本　理恵,やまもと　りえ,35,女,無所属,現,中央区議会議員,7.43,無所属,11,131024
2015,中央,当,2039,石島　秀起,いしじま　ひでき,55,男,無所属,元,不動産賃貸業,4.055,無所属,11,131024
2015,中央,当,1755,小坂　和輝,こさか　かずき,48,男,無所属,元,小児科医師,3.49,無所属,11,131024
2015,中央,当,1076.456,田中　耕太郎,たなか　こうたろう,37,男,無所属,現,中央区議会議員,2.141,無所属,11,131024
2015,中央,当,964.008,渡部　恵子,わたなべ　けいこ,50,女,無所属,現,中央区議会議員,1.917,無所属,11,131024
2015,中央,当,946.991,渡部　博年,わたなべ　ひろとし,53,男,無所属,現,中央区議会議員,1.883,無所属,11,131024
2015,中央,当,830,富永　一,とみなが　はじめ,47,男,無所属,現,中央区議会議員,1.651,無所属,11,131024
2015,中央,落,726,増渕　一孝,ますぶち　かずたか,69,男,無所属,現,中央区議会議員,1.444,無所属,11,131024
2015,中央,落,666,太田　太,おおた　ふとし,43,男,無所属,新,運送業,1.324,無所属,11,131024
2015,中央,落,642,梶川　康二,かじかわ　やすじ,48,男,無所属,新,政治団体代表,1.277,無所属,11,131024
2015,中央,落,602,増田　光辰,ますだ　みつよし,50,男,無所属,新,印刷業経営,1.197,無所属,11,131024
2015,中央,落,594.362,田中　ゆうか,たなか　ゆうか,48,女,無所属,新,会社経営,1.182,無所属,11,131024
2015,中央,落,500,白須　夏,しらす　なつ,48,女,無所属,新,無職,0.994,無所属,11,131024
2015,中央,落,442,湯川　悟史,ゆかわ　さとし,30,男,無所属,新,会社員,0.879,無所属,11,131024
2015,中央,落,309,宮本　晃司,みやもと　こうじ,35,男,無所属,新,会社役員,0.615,無所属,11,131024
2015,中央,落,258,松浦　建二,まつうら　けんじ,47,男,無所属,新,ファイナンシャルプランナー,0.513,無所属,11,131024
2015,中央,落,255,川口　修一郎,かわぐち　しゅういちろう,49,男,無所属,新,介護福祉士,0.507,無所属,11,131024
2015,中央,落,142,大日野　秀行,おおひの　ひでゆき,58,男,無所属,新,会社員,0.282,無所属,11,131024
2015,中央,落,117,木下　純一,きのした　じゅんいち,65,男,無所属,新,税理士,0.233,無所属,11,131024
2015,中央,落,87,西村　博隆,にしむら　ひろたか,52,男,無所属,新,不動産会社経営,0.173,無所属,11,131024
2015,中央,落,71,児玉　真吾,こだま　しんご,50,男,無所属,新,会社役員,0.141,無所属,11,131024
2015,中央,落,53,大槙　邦親,おおまき　くにちか,83,男,無所属,新,会社役員,0.105,無所属,11,131024
2015,中央,落,40,新井　勝矢,あらい　かつや,47,男,無所属,新,学習塾講師,0.08,無所属,11,131024
2011,中央,当,2112,石島　秀起,いしじま　ひでき,51,男,無所属,現,中央区議会議員,4.733,無所属,11,131024
2011,中央,当,1326,高橋　伸治,たかはし　しんじ,56,男,無所属,現,会社役員,2.971,無所属,11,131024
2011,中央,当,1260.131,渡部　恵子,わたなべ　けいこ,46,女,無所属,新,水産仲卸業,2.824,無所属,11,131024
2011,中央,当,966.868,渡部　博年,わたなべ　ひろとし,49,男,無所属,現,中央区議会議員,2.167,無所属,11,131024
2011,中央,落,750.419,田中　ゆうか,たなか　ゆうか,44,女,無所属,新,無職,1.682,無所属,11,131024
2011,中央,落,382,武田　恭宏,たけだ　やすひろ,53,男,無所属,新,会社非常勤顧問,0.856,無所属,11,131024
2011,中央,落,295,宮本　晃司,みやもと　こうじ,31,男,無所属,新,無職,0.661,無所属,11,131024
2011,中央,落,253,朴沢　重雄,ほおざわ　しげお,60,男,無所属,新,レンタルビデオ店経営,0.567,無所属,11,131024
2011,中央,落,230,,,39,男,無所属,新,無職,0.515,無所属,11,131024
2011,中央,落,163,武石　淳,たけいし　すなお,63,男,無所属,新,NPO法人理事,0.365,無所属,11,131024
2019,中央,当,4088,山本　理恵,,39,女,無所属,現,,6.998,無所属,11,131024
2019,中央,当,2511,小坂　和輝,,52,男,無所属,現,,4.298,無所属,11,131024
2019,中央,当,2121,青木　佳乃,,57,女,無所属,現,,3.631,無所属,11,131024
2019,中央,当,1180.969,渡部　博年,,57,男,無所属,現,,2.022,無所属,11,131024
2019,中央,当,1140,原田　賢一,,71,男,無所属,現,,1.951,無所属,11,131024
2019,中央,落,985,穂積　勇起,,37,男,無所属,新,,1.686,無所属,11,131024
2019,中央,落,865,宇佐美　圭吾,,30,男,無所属,新,,1.481,無所属,11,131024
2019,中央,落,762,河島　美里,,39,女,無所属,新,,1.304,無所属,11,131024
2019,中央,落,658,松川　剛之,,43,男,無所属,現,,1.126,無所属,11,131024
2019,中央,落,273,高木　亮,,43,男,無所属,新,,0.467,無所属,11,131024
2019,中央,落,64,菅原　優,,68,男,無所属,新,,0.11,無所属,11,131024
2011,中央,当,2307,河井　志帆,かわい　しほ,34,女,みんな,新,無職,5.17,諸派,99,131024
2011,中央,当,1930.652,田中　耕太郎,たなか　こうたろう,33,男,みんな,現,中央区議会議員,4.326,諸派,99,131024
2011,中央,当,1427,山本　理恵,やまもと　りえ,31,女,みんな,新,無職,3.198,諸派,99,131024
2011,中央,当,1425,青木　佳乃,あおき　かの,49,女,みんな,新,英語講師,3.193,諸派,99,131024
2019,中央,落,270,前田　利行,,46,男,みんな,新,,0.462,諸派,99,131024
2015,中央,当,1928,押田　満理子,おしだ　まりこ,69,女,自民,現,中央区議会議員,3.834,自民,1,131024
2015,中央,当,1780,木村　克一,きむら　かついち,57,男,自民,現,会社役員,3.54,自民,1,131024
2015,中央,当,1670,礒野　忠,いその　ただし,53,男,自民,現,中央区議会議員,3.321,自民,1,131024
2015,中央,当,1528,瓜生　正高,うりう　まさたか,37,男,自民,現,中央区議会議員,3.039,自民,1,131024
2015,中央,当,1405,鈴木　久雄,すずき　ひさお,73,男,自民,現,中央区議会議員,2.794,自民,1,131024
2015,中央,当,1371.496,中嶋　寛明,なかじま　ひろあき,67,男,自民,現,中央区議会議員,2.727,自民,1,131024
2015,中央,当,1229,佐藤　敦子,さとう　あつこ,42,女,自民,新,無職,2.444,自民,1,131024
2015,中央,当,1220,石田　英朗,いしだ　ひでお,68,男,自民,現,中央区議会議員,2.426,自民,1,131024
2015,中央,当,1220,原田　賢一,はらだ　けんいち,67,男,自民,現,中央区議会議員,2.426,自民,1,131024
2015,中央,当,997,塚田　秀伸,つかだ　ひでのぶ,49,男,自民,新,商業デザイナー,1.983,自民,1,131024
2015,中央,当,938,海老原　崇智,えびはら　たかさと,37,男,自民,新,不動産経営,1.865,自民,1,131024
2015,中央,当,818,染谷　真人,そめや　まこと,54,男,自民,現,中央区議会議員,1.627,自民,1,131024
2015,中央,落,777,鷲頭　隆史,わしず　たかし,72,男,自民,元,広告・マーケティングコンサルタント,1.545,自民,1,131024
2011,中央,当,1630,礒野　忠,いその　ただし,49,男,自民,現,中央区議会議員,3.653,自民,1,131024
2011,中央,当,1537,鈴木　久雄,すずき　ひさお,69,男,自民,現,中央区議会議員,3.444,自民,1,131024
2011,中央,当,1432,瓜生　正高,うりう　まさたか,33,男,自民,新,政党支部役員,3.209,自民,1,131024
2011,中央,当,1411,木村　克一,きむら　かついち,53,男,自民,現,会社役員,3.162,自民,1,131024
2011,中央,当,1261,押田　満理子,おしだ　まりこ,65,女,自民,現,中央区議会議員,2.826,自民,1,131024
2011,中央,当,1211,今野　弘美,こんの　ひろみ,51,男,自民,現,中央区議会議員,2.714,自民,1,131024
2011,中央,当,1133.55,中嶋　寛明,なかじま　ひろあき,63,男,自民,現,中央区議会議員,2.54,自民,1,131024
2011,中央,当,1117,富永　一,とみなが　はじめ,43,男,自民,新,会社役員,2.503,自民,1,131024
2011,中央,当,1091,原田　賢一,はらだ　けんいち,63,男,自民,現,中央区議会議員,2.445,自民,1,131024
2011,中央,当,1074,染谷　真人,そめや　まこと,50,男,自民,新,会社役員,2.407,自民,1,131024
2011,中央,当,839,石田　英朗,いしだ　ひでお,64,男,自民,現,中央区議会議員,1.88,自民,1,131024
2011,中央,当,835,増渕　一孝,ますぶち　かずたか,65,男,自民,現,中央区議会議員,1.871,自民,1,131024
2011,中央,落,799,鷲頭　隆史,わしず　たかし,68,男,自民,現,中央区議会議員,1.79,自民,1,131024
2011,中央,落,625,佐藤　道子,さとう　みちこ,41,女,自民,新,歯科医師,1.401,自民,1,131024
2019,中央,当,1890,礒野　忠,,57,男,自民,現,,3.235,自民,1,131024
2019,中央,当,1881,太田　太,,47,男,自民,新,,3.22,自民,1,131024
2019,中央,当,1842.667,田中　耕太郎,,41,男,自民,現,,3.154,自民,1,131024
2019,中央,当,1834,瓜生　正高,,41,男,自民,現,,3.139,自民,1,131024
2019,中央,当,1586,神谷　俊宏,,37,男,自民,新,,2.715,自民,1,131024
2019,中央,当,1525,押田　満理子,,73,女,自民,現,,2.61,自民,1,131024
2019,中央,当,1454,竹内　幸美,,47,女,自民,新,,2.489,自民,1,131024
2019,中央,当,1444,佐藤　敦子,,46,女,自民,現,,2.472,自民,1,131024
2019,中央,当,1372,木村　克一,,61,男,自民,現,,2.349,自民,1,131024
2019,中央,当,1309,海老原　祟智,,41,男,自民,現,,2.241,自民,1,131024
2019,中央,当,1176,富永　一,,51,男,自民,現,,2.013,自民,1,131024
2019,中央,当,1160,中嶋　寛明,,71,男,自民,現,,1.986,自民,1,131024
2019,中央,当,1062,塚田　秀伸,,53,男,自民,現,,1.818,自民,1,131024
2019,中央,落,1035.68,石田　英朗,,72,男,自民,現,,1.773,自民,1,131024
2019,中央,落,876,染谷　真人,,58,男,自民,現,,1.5,自民,1,131024
2015,中央,当,1555,奥村　暁子,おくむら　あきこ,42,女,共産,現,中央区議会議員,3.092,共産,5,131024
2015,中央,当,1468,小栗　智恵子,おぐり　ちえこ,59,女,共産,現,中央区議会議員,2.919,共産,5,131024
2015,中央,当,1137,志村　孝美,しむら　たかよし,61,男,共産,現,中央区議会議員,2.261,共産,5,131024
2015,中央,当,965,加藤　博司,かとう　ひろし,64,男,共産,現,中央区議会議員,1.919,共産,5,131024
2011,中央,当,1138,奥村　暁子,おくむら　あきこ,38,女,共産,新,政党職員,2.55,共産,5,131024
2011,中央,当,1028,志村　孝美,しむら　たかよし,57,男,共産,現,中央区議会議員,2.304,共産,5,131024
2011,中央,当,990,小栗　智恵子,おぐり　ちえこ,55,女,共産,現,中央区議会議員,2.218,共産,5,131024
2011,中央,当,814,加藤　博司,かとう　ひろし,60,男,共産,新,政党職員,1.824,共産,5,131024
2019,中央,当,1228,小栗　智恵子,,63,女,共産,現,,2.102,共産,5,131024
2019,中央,当,1168,奥村　暁子,,46,女,共産,現,,1.999,共産,5,131024
2019,中央,落,1033,志村　孝美,,65,男,共産,現,,1.768,共産,5,131024
2019,中央,落,699,加藤　博司,,68,男,共産,現,,1.197,共産,5,131024
2015,中央,当,1143,森谷　歩美,もりや　あゆみ,29,女,民主,新,無職,2.273,民主,80,131024
2011,中央,当,1725,守本　利雄,もりもと　としお,61,男,民主,現,中央区議会議員,3.865,民主,80,131024
2015,中央,当,1611.179,田中　広一,たなか　こういち,43,男,公明,現,中央区議会議員,3.204,公明,4,131024
2015,中央,当,1389.503,中島　賢治,なかじま　けんじ,58,男,公明,現,中央区議会議員,2.763,公明,4,131024
2015,中央,当,1144,堀田　弥生,ほった　やよい,48,女,公明,現,中央区議会議員,2.275,公明,4,131024
2015,中央,当,1118,墨谷　浩一,すみや　こういち,52,男,公明,現,中央区議会議員,2.223,公明,4,131024
2011,中央,当,1547.928,田中　広一,たなか　こういち,39,男,公明,現,中央区議会議員,3.469,公明,4,131024
2011,中央,当,1347,植原　恭子,うえはら　やすこ,58,女,公明,現,中央区議会議員,3.018,公明,4,131024
2011,中央,当,1088.449,中島　賢治,なかじま　けんじ,54,男,公明,現,中央区議会議員,2.439,公明,4,131024
2011,中央,当,1058,墨谷　浩一,すみや　こういち,48,男,公明,新,無職,2.371,公明,4,131024
2011,中央,当,1038,堀田　弥生,ほった　やよい,44,女,公明,新,無職,2.326,公明,4,131024
2019,中央,当,1674.332,田中　広一,,47,男,公明,現,,2.866,公明,4,131024
2019,中央,当,1390,堀田　弥生,,52,女,公明,現,,2.379,公明,4,131024
2019,中央,当,1390,中島　賢治,,62,男,公明,現,,2.379,公明,4,131024
2019,中央,当,1248,墨谷　浩一,,56,男,公明,現,,2.136,公明,4,131024
2015,中央,当,2279,青木　佳乃,あおき　かの,53,女,維新,現,中央区議会,4.532,維新,3,131024
2015,中央,当,801,松川　剛之,まつかわ　たけゆき,39,男,維新,新,会社経営,1.593,維新,3,131024
2019,中央,当,1108,白須　夏,,52,女,維新,新,,1.897,維新,3,131024
2015,中央,落,431,国枝　智,くにえだ　さとる,38,男,次世代,新,無職,0.857,諸派,99,131024
2019,中央,落,207,古田　弘樹,,26,男,幸福実現党,新,,0.354,諸派,99,131024
2011,中央,落,812,太田　太,おおた　ふとし,39,男,たち日,新,会社顧問,1.82,諸派,99,131024
2019,中央,当,1686,梶谷　優香,,27,女,立憲,新,,2.886,立憲,2,131024
2019,中央,当,1387,高橋　真規子,,41,女,立憲,新,,2.374,立憲,2,131024
2019,中央,当,1205.03,渡部　恵子,,54,女,立憲,現,,2.063,立憲,2,131024
2019,中央,当,1100,二瓶　文徳,,25,男,NHKから国民を守る党,新,,1.883,NHK,9,131024
2019,中央,落,485.319,石田　太朗,,31,男,国民,新,,0.831,国民,6,131024
2019,中央,当,1074,高橋　元気,,36,男,あたらしい党,新,,1.838,諸派,99,131024
2019,中央,落,458,林　敦,,52,男,あたらしい党,新,,0.784,諸派,99,131024
2015,台東,当,2009,堀越　秀生,ほりこし　ひでお,50,男,無所属,現,,3.012,無所属,11,131067
2015,台東,当,1708,青鹿　公男,あおしか　くにお,46,男,無所属,新,,2.56,無所属,11,131067
2015,台東,当,1377,早川　太郎,はやかわ　たろう,48,男,無所属,現,,2.064,無所属,11,131067
2015,台東,当,1339,冨永　龍司,とみなが　りゅうじ,50,男,無所属,現,,2.007,無所属,11,131067
2015,台東,当,1265,木下　悦希,きのした　えつき,66,男,無所属,現,,1.896,無所属,11,131067
2015,台東,当,1211,田中　伸宏,たなか　のぶひろ,68,男,無所属,現,,1.815,無所属,11,131067
2015,台東,当,1177,君塚　裕史,きみづか　ひろふみ,63,男,無所属,現,,1.764,無所属,11,131067
2015,台東,落,938,中村　謙治郎,なかむら　けんじろう,37,男,無所属,新,,1.406,無所属,11,131067
2015,台東,落,919,東　久仁子,あずま　くにこ,48,女,無所属,現,,1.378,無所属,11,131067
2015,台東,落,650.904,鈴木　一郎,すずき　いちろー,62,男,無所属,元,,0.976,無所属,11,131067
2015,台東,落,601,金沢　秀憲,かなざわ　ひでのり,57,男,無所属,新,,0.901,無所属,11,131067
2015,台東,落,512,霜村　天弘,しもむら　てんこう,38,男,無所属,新,,0.768,無所属,11,131067
2015,台東,落,337,掛川　暁生,かけがわ　あきなり,34,男,無所属,新,,0.505,無所属,11,131067
2011,台東,当,2905,堀越　秀生,ほりこし　ひでお,46,男,無所属,元,無職,4.074,無所属,11,131067
2011,台東,当,2176,早川　太郎,はやかわ　たろう,44,男,無所属,新,ビジネスホテル経営,3.052,無所属,11,131067
2011,台東,当,1779,田中　伸宏,たなか　のぶひろ,64,男,無所属,現,区議会議員,2.495,無所属,11,131067
2011,台東,当,1489,冨永　龍司,とみなが　りゅうじ,46,男,無所属,新,飲食店経営,2.088,無所属,11,131067
2011,台東,当,1415,東　久仁子,あずま　くにこ,44,女,無所属,現,区議会議員,1.985,無所属,11,131067
2011,台東,当,1387,君塚　裕史,きみづか　ひろふみ,59,男,無所属,現,自動車販売修理業,1.945,無所属,11,131067
2011,台東,落,1119,藤平　一雄,ふじひら　かずお,72,男,無所属,現,錺金具工芸製作,1.569,無所属,11,131067
2011,台東,落,526,松本　陽一,まつもと　よういち,56,男,無所属,新,印刷会社社長,0.738,無所属,11,131067
2019,台東,当,4157.021,本目　さよ,ほんめ　さよ,37,女,無所属,現,区議会議員,6.092,無所属,11,131067
2019,台東,当,2240,青鹿　公男,あおしか　くにお,50,男,無所属,現,区議会議員,3.283,無所属,11,131067
2019,台東,当,2097,堀越　秀生,ほりこし　ひでお,53,男,無所属,現,区議会議員,3.073,無所属,11,131067
2019,台東,当,1433,田中　宏篤,たなか　ひろあつ,43,男,無所属,新,会社員,2.1,無所属,11,131067
2019,台東,当,1365.978,早川　太郎,はやかわ　たろう,52,男,無所属,現,区議会議員,2.002,無所属,11,131067
2019,台東,当,1292,松村　智成,まつむら　ともなり,45,男,無所属,新,自営業,1.893,無所属,11,131067
2019,台東,落,1116,阿部　光利,あべ　みつとし,62,男,無所属,現,区議会議員,1.635,無所属,11,131067
2019,台東,落,1093,冨永　龍司,とみなが　りゅうじ,54,男,無所属,現,区議会議員,1.602,無所属,11,131067
2019,台東,落,270,本城　淳,ほんじょう　あつし,48,男,無所属,新,会社員,0.396,無所属,11,131067
2019,台東,落,129,[本人希望で削除],,47,男,無所属,新,団体役員,0.189,無所属,11,131067
2011,台東,当,2181.758,スズキ　イチロー,すずき　いちろー,58,男,みんな,新,会社経営,3.06,諸派,99,131067
2011,台東,当,1808,阿部　光利,あべ　みつとし,54,男,みんな,新,会社経営,2.536,諸派,99,131067
2015,台東,当,4425,保坂　真宏,ほさか　まさひろ,41,男,自民,新,,6.634,自民,1,131067
2015,台東,当,2692.742,鈴木　純,すずき　じゅん,32,男,自民,現,,4.037,自民,1,131067
2015,台東,当,1978,小島　智史,こじま　さとし,31,男,自民,新,,2.965,自民,1,131067
2015,台東,当,1829,太田　雅久,おおた　まさひさ,58,男,自民,現,,2.742,自民,1,131067
2015,台東,当,1720,高森　喜美子,たかもり　きみこ,65,女,自民,現,,2.578,自民,1,131067
2015,台東,当,1667,望月　元美,もちづき　もとみ,47,女,自民,現,,2.499,自民,1,131067
2015,台東,当,1496,和泉　浩司,いずみ　ひろし,58,男,自民,現,,2.243,自民,1,131067
2015,台東,当,1399,石川　義弘,いしかわ　よしひろ,61,男,自民,現,,2.097,自民,1,131067
2015,台東,当,1366,石塚　猛,いしづか　たけし,68,男,自民,現,,2.048,自民,1,131067
2015,台東,当,1335,寺井　康芳,てらい　やすよし,69,男,自民,現,,2.001,自民,1,131067
2015,台東,落,1065,村上　浩一郎,むらかみ　こういちろう,57,男,自民,新,,1.597,自民,1,131067
2015,台東,落,680,藤目　裕久,ふじめ　ひろひさ,60,男,自民,新,,1.019,自民,1,131067
2011,台東,当,3049.241,鈴木　純,すずき　じゅん,28,男,自民,新,無職,4.277,自民,1,131067
2011,台東,当,2394,太田　雅久,おおた　まさひさ,54,男,自民,現,区議会議員,3.358,自民,1,131067
2011,台東,当,2347,寺井　康芳,てらい　やすよし,65,男,自民,現,区議会議員,3.292,自民,1,131067
2011,台東,当,2096,石川　義弘,いしかわ　よしひろ,57,男,自民,現,歯科医,2.94,自民,1,131067
2011,台東,当,1883,高森　喜美子,たかもり　きみこ,61,女,自民,現,区議会議員,2.641,自民,1,131067
2011,台東,当,1881,石塚　猛,いしづか　たけし,64,男,自民,現,区議会議員,2.638,自民,1,131067
2011,台東,当,1815,望月　元美,もちづき　もとみ,43,女,自民,新,主婦,2.546,自民,1,131067
2011,台東,当,1705.451,和泉　浩司,いずみ　ひろし,54,男,自民,現,区議会議員,2.392,自民,1,131067
2011,台東,落,1282,村上　浩一郎,むらかみ　こういちろう,53,男,自民,新,会社員,1.798,自民,1,131067
2011,台東,落,1077,諸泉　良明,もろいずみ　よしあき,51,男,自民,新,会社経営,1.511,自民,1,131067
2019,台東,当,2312,望月　元美,もちづき　もとみ,51,女,自民,現,区議会議員,3.388,自民,1,131067
2019,台東,当,2134.667,鈴木　純,すずき　じゅん,36,男,自民,現,区議会議員,3.128,自民,1,131067
2019,台東,当,1855,太田　雅久,おおた　まさひさ,62,男,自民,現,区議会議員,2.718,自民,1,131067
2019,台東,当,1587,和泉　浩司,いずみ　ひろし,62,男,自民,元,自営業,2.326,自民,1,131067
2019,台東,当,1519,拝野　健,はいの　けん,33,男,自民,新,政党役員,2.226,自民,1,131067
2019,台東,当,1515,石塚　猛,いしづか　たけし,72,男,自民,現,区議会議員,2.22,自民,1,131067
2019,台東,当,1421,石川　義弘,いしかわ　よしひろ,65,男,自民,現,歯科医師,2.082,自民,1,131067
2019,台東,当,1390,高森　喜美子,たかもり　きみこ,69,女,自民,現,区議会議員,2.037,自民,1,131067
2019,台東,当,1161,岡田　勇一郎,おかだ　ゆういちろう,40,男,自民,新,会社役員,1.701,自民,1,131067
2019,台東,落,1157,小島　智史,こじま　さとし,35,男,自民,現,区議会議員,1.696,自民,1,131067
2019,台東,落,1086,君塚　裕史,きみづか　ひろふみ,67,男,自民,現,区議会議員,1.591,自民,1,131067
2019,台東,落,1084,大浦　美鈴,おおうら　みすず,58,女,自民,新,協会理事,1.589,自民,1,131067
2019,台東,落,1021,高山　就造,たかやま　しゅうぞう,30,男,自民,新,無職,1.496,自民,1,131067
2019,台東,落,937,対馬　充彦,つしま　みつひこ,39,男,自民,新,無職,1.373,自民,1,131067
2015,台東,当,2429.957,伊藤　延子,いとう　のぶこ,62,女,共産,新,,3.643,共産,5,131067
2015,台東,当,1986,秋間　洋,あきま　ひろし,56,男,共産,現,,2.977,共産,5,131067
2015,台東,当,1976.477,小高　明,おだか　あきら,66,男,共産,現,,2.963,共産,5,131067
2015,台東,当,1693.353,鈴木　昇,すずき　のぼる,42,男,共産,新,,2.539,共産,5,131067
2011,台東,当,2183,茂木　孝孔,もてぎ　たかよし,63,男,共産,現,区議会議員,3.062,共産,5,131067
2011,台東,当,2073.548,秋間　洋,あきま　ひろし,52,男,共産,現,政党役員,2.908,共産,5,131067
2011,台東,当,1580,橋詰　高志,はしづめ　たかし,54,男,共産,現,政党役員,2.216,共産,5,131067
2011,台東,当,1486,小高　明,おだか　あきら,62,男,共産,新,政党役員,2.084,共産,5,131067
2019,台東,当,2496.594,伊藤　延子,いとう　のぶこ,66,女,共産,現,区議会議員,3.659,共産,5,131067
2019,台東,当,1960,秋間　洋,あきま　ひろし,60,男,共産,現,区議会議員,2.872,共産,5,131067
2019,台東,当,1583,山口　銀次郎,やまぐち　ぎんじろう,31,男,共産,新,政党役員,2.32,共産,5,131067
2019,台東,当,1524.332,鈴木　昇,すずき　のぼる,46,男,共産,現,区議会議員,2.234,共産,5,131067
2015,台東,当,3138,本目　さよ,ほんめ　さよ,33,女,民主,現,,4.704,民主,80,131067
2015,台東,当,2153,青柳　雅之,あおやぎ　まさゆき,46,男,民主,現,,3.228,民主,80,131067
2015,台東,当,1853,河野　純之佐,こうの　じゅんのすけ,59,男,民主,現,,2.778,民主,80,131067
2015,台東,当,1611,水島　道徳,みずしま　みちのり,50,男,民主,現,,2.415,民主,80,131067
2015,台東,当,1158.614,伊藤　万太郎,いとう　まんたろう,68,男,民主,現,,1.737,民主,80,131067
2011,台東,当,2367,河野　純之佐,こうの　じゅんのすけ,55,男,民主,現,区議会議員,3.32,民主,80,131067
2011,台東,当,2210,本目　さよ,ほんめ　さよ,29,女,民主,新,会社員,3.1,民主,80,131067
2011,台東,当,1874,木村　肇,きむら　はじめ,69,男,民主,現,政党役員,2.628,民主,80,131067
2011,台東,当,1675,木下　悦希,きのした　えつき,62,男,民主,現,区議会議員,2.349,民主,80,131067
2011,台東,当,1576,青柳　雅之,あおやぎ　まさゆき,42,男,民主,現,区議会議員,2.21,民主,80,131067
2011,台東,当,1372,伊藤　萬太郎,いとう　まんたろう,64,男,民主,現,区議会議員,1.924,民主,80,131067
2011,台東,当,1346,水島　道徳,みずしま　みちのり,46,男,民主,現,区議会議員,1.888,民主,80,131067
2011,台東,落,1152,成沢　敬,なるさわ　たかし,49,男,民主,現,区議会議員,1.616,民主,80,131067
2011,台東,落,1124,堀井　修,ほりい　おさむ,58,男,民主,新,警備会社役員,1.576,民主,80,131067
2015,台東,当,2166.522,寺田　晃,てらだ　あきら,51,男,公明,現,,3.248,公明,4,131067
2015,台東,当,1984,小菅　千保子,こすげ　ちほこ,60,女,公明,現,,2.974,公明,4,131067
2015,台東,当,1813.427,松尾　伸子,まつお　のぶこ,50,女,公明,現,,2.719,公明,4,131067
2015,台東,当,1691,小坂　義久,こさか　よしひさ,52,男,公明,現,,2.535,公明,4,131067
2015,台東,当,1658,中沢　史夫,なかざわ　ふみお,48,男,公明,新,,2.486,公明,4,131067
2011,台東,当,2252,小菅　千保子,こすげ　ちほこ,56,女,公明,現,区議会議員,3.159,公明,4,131067
2011,台東,当,2054,寺田　晃,てらだ　あきら,47,男,公明,新,無職,2.881,公明,4,131067
2011,台東,当,1984,松尾　伸子,まつお　のぶこ,46,女,公明,新,無職,2.783,公明,4,131067
2011,台東,当,1908,清水　恒一郎,しみず　こういちろう,61,男,公明,現,区議会議員,2.676,公明,4,131067
2011,台東,当,1901,小坂　義久,こさか　よしひさ,48,男,公明,現,区議会議員,2.666,公明,4,131067
2019,台東,当,2142,寺田　晃,てらだ　あきら,55,男,公明,現,区議会議員,3.139,公明,4,131067
2019,台東,当,2133,小菅　千保子,こすげ　ちほこ,64,女,公明,現,区議会議員,3.126,公明,4,131067
2019,台東,当,1867,小坂　義久,こさか　よしひさ,56,男,公明,現,区議会議員,2.736,公明,4,131067
2019,台東,当,1738,中沢　史夫,なかざわ　ふみお,52,男,公明,現,区議会議員,2.547,公明,4,131067
2019,台東,当,1700.405,松尾　伸子,まつお　のぶこ,54,女,公明,現,区議会議員,2.492,公明,4,131067
2015,台東,落,652,村野　太治,むらの　たいじ,36,男,社民,新,,0.977,社民,8,131067
2011,台東,落,418,野木　正治,のぎ　まさはる,53,男,社民,新,派遣社員,0.586,社民,8,131067
2015,台東,当,1167,阿部　光利,あべ　みつとし,58,男,維新,現,,1.749,維新,3,131067
2015,台東,落,715,津野　忠彦,つの　ただひこ,51,男,維新,新,,1.072,維新,3,131067
2019,台東,当,1873,中嶋　恵,なかじま　めぐみ,41,女,立憲,新,会社員,2.745,立憲,2,131067
2019,台東,当,1806,河井　一晃,かわい　かずあき,50,男,立憲,新,会社役員,2.647,立憲,2,131067
2019,台東,当,1656,掛川　暁生,かけがわ　あきなり,38,男,NHKから国民を守る党,新,会社員,2.427,NHK,9,131067
2019,台東,当,2014,河野　純之佐,こうの　じゅんのすけ,63,男,国民,現,区議会議員,2.951,国民,6,131067
2019,台東,当,1415,青柳　雅之,あおやぎ　まさゆき,50,男,国民,現,区議会議員,2.074,国民,6,131067
2019,台東,当,1234,水島　道徳,みずしま　みちのり,54,男,国民,現,区議会議員,1.808,国民,6,131067
2019,台東,当,2564,中村　謙治郎,なかむら　けんじろう,41,男,都ファ,新,会社役員,3.757,諸派,99,131067
2019,台東,当,1526,村上　浩一郎,むらかみ　こういちろう,61,男,都ファ,新,会社役員,2.236,諸派,99,131067